creator_username,creator_id,creator_gender,creator_age_range,creator_race_visual,creator_type,creator_motivation,video_id,video_url,Posting date,video_duration_seconds,No._people_video,video_shot_complexity,indoor_outdoor,video_format,Video_type,face_visibility,subject_of_experience,skin_condition_type,condition_extent,condition_duration,condition_recurrence,treatment_type,outcome_type,side_effects_mentioned,video_intent,intent_clarity,product_name,product_brand,sponsored_content,affiliate_link_present,promotion_style,before_after_claim,time_to_result_claim,unrealistic_claim_flag,views,likes,comments,shares,engagement_rate,comment_text,comment_stance,comment_sentiment,Language,Missed_info,misinformation_label,claim_type,claim_accuracy,evidence_present,label_confidence
,,,,,,,,https://www.tiktok.com/@dr.mamina/video/7255679807080385835,,,,,,,,,,,,,,,,,,,,,,,,,,,,,,,,,,,,,,,,,
,,,,,,,,https://www.tiktok.com/@kiki.13521/video/7627904891175832864,,,,,,,,,,,,,,,,,,,,,,,,,,,,,,,,,,,,,,,,,
,,,,,,,,https://www.tiktok.com/@maddimccormack/video/7624571357644328214,,,,,,,,,,,,,,,,,,,,,,,,,,,,,,,,,,,,,,,,,
,,,,,,,,https://www.tiktok.com/@kennedyfaris/video/7628699150405602591,,,,,,,,,,,,,,,,,,,,,,,,,,,,,,,,,,,,,,,,,
,,,,,,,,https://www.tiktok.com/@kiki.13521/video/7607481167566114070,,,,,,,,,,,,,,,,,,,,,,,,,,,,,,,,,,,,,,,,,
,,,,,,,,https://www.tiktok.com/@she.want.ayden/video/7627270311901236511,,,,,,,,,,,,,,,,,,,,,,,,,,,,,,,,,,,,,,,,,
,,,,,,,,https://www.tiktok.com/@kimcassironway/video/7628232466133781774,,,,,,,,,,,,,,,,,,,,,,,,,,,,,,,,,,,,,,,,,
,,,,,,,,https://www.tiktok.com/@parker_dam/video/7624780272793357599,,,,,,,,,,,,,,,,,,,,,,,,,,,,,,,,,,,,,,,,,
,,,,,,,,https://www.tiktok.com/@ej.health/video/7625745641091697933,,,,,,,,,,,,,,,,,,,,,,,,,,,,,,,,,,,,,,,,,
,,,,,,,,https://www.tiktok.com/@lifewithmils/video/7619647885335989525,,,,,,,,,,,,,,,,,,,,,,,,,,,,,,,,,,,,,,,,,
,,,,,,,,https://www.tiktok.com/@dermguru/video/7583741338911313183,,,,,,,,,,,,,,,,,,,,,,,,,,,,,,,,,,,,,,,,,
,,,,,,,,https://www.tiktok.com/@philsmypharmacist/video/7208411005003615534,,,,,,,,,,,,,,,,,,,,,,,,,,,,,,,,,,,,,,,,,
,,,,,,,,https://www.tiktok.com/@shannon.bruno/video/6810807365688954118,,,,,,,,,,,,,,,,,,,,,,,,,,,,,,,,,,,,,,,,,
,,,,,,,,https://www.tiktok.com/@mattrandon/video/7607157449405025558,,,,,,,,,,,,,,,,,,,,,,,,,,,,,,,,,,,,,,,,,
,,,,,,,,https://www.tiktok.com/@dr.zionko/video/7329944570102287658,,,,,,,,,,,,,,,,,,,,,,,,,,,,,,,,,,,,,,,,,
,,,,,,,,https://www.tiktok.com/@drcharlesmd1/video/7362220936671694126,,,,,,,,,,,,,,,,,,,,,,,,,,,,,,,,,,,,,,,,,
,,,,,,,,https://www.tiktok.com/@drspf/video/7586410305895271710,,,,,,,,,,,,,,,,,,,,,,,,,,,,,,,,,,,,,,,,,
,,,,,,,,https://www.tiktok.com/@philsmypharmacist/video/7341200689311337758,,,,,,,,,,,,,,,,,,,,,,,,,,,,,,,,,,,,,,,,,
,,,,,,,,https://www.tiktok.com/@dermdoctor/video/6959013176159522054,,,,,,,,,,,,,,,,,,,,,,,,,,,,,,,,,,,,,,,,,
,,,,,,,,https://www.tiktok.com/@dermdoctor/video/6996072448538053893,,,,,,,,,,,,,,,,,,,,,,,,,,,,,,,,,,,,,,,,,
,,,,,,,,https://www.tiktok.com/@skinbydrazi/video/6887738516462161158,,,,,,,,,,,,,,,,,,,,,,,,,,,,,,,,,,,,,,,,,
,,,,,,,,https://www.tiktok.com/@dr.zionko/video/7325144841250409774,,,,,,,,,,,,,,,,,,,,,,,,,,,,,,,,,,,,,,,,,
,,,,,,,,https://www.tiktok.com/@drvanitarattan/video/7454260752724086049,,,,,,,,,,,,,,,,,,,,,,,,,,,,,,,,,,,,,,,,,
,,,,,,,,https://www.tiktok.com/@dr_ingky/video/7624470426382503184,,,,,,,,,,,,,,,,,,,,,,,,,,,,,,,,,,,,,,,,,
,,,,,,,,https://www.tiktok.com/@drjennyliu/video/7619111199006854413,,,,,,,,,,,,,,,,,,,,,,,,,,,,,,,,,,,,,,,,,
,,,,,,,,https://www.tiktok.com/@thesecondthoughtofficial/video/7614604086347910414,,,,,,,,,,,,,,,,,,,,,,,,,,,,,,,,,,,,,,,,,
,,,,,,,,https://www.tiktok.com/@drabby6/video/7510369731862351134,,,,,,,,,,,,,,,,,,,,,,,,,,,,,,,,,,,,,,,,,
,,,,,,,,https://www.tiktok.com/@neecoleslife/video/7581562931482021134,,,,,,,,,,,,,,,,,,,,,,,,,,,,,,,,,,,,,,,,,
,,,,,,,,https://www.tiktok.com/@glowjournalmamata/video/7619232872561446164,,,,,,,,,,,,,,,,,,,,,,,,,,,,,,,,,,,,,,,,,
,,,,,,,,https://www.tiktok.com/@alexisdimaya/video/7261721950739844398,,,,,,,,,,,,,,,,,,,,,,,,,,,,,,,,,,,,,,,,,
,,,,,,,,https://www.tiktok.com/@haleykonopka_/video/7623592281366351117,,,,,,,,,,,,,,,,,,,,,,,,,,,,,,,,,,,,,,,,,
,,,,,,,,https://www.tiktok.com/@elizacesle/video/7625330975534337302,,,,,,,,,,,,,,,,,,,,,,,,,,,,,,,,,,,,,,,,,
,,,,,,,,https://www.tiktok.com/@lifewithmils/video/7415674523313392912,,,,,,,,,,,,,,,,,,,,,,,,,,,,,,,,,,,,,,,,,
,,,,,,,,https://www.tiktok.com/@noracummins_/video/7607515983305067789,,,,,,,,,,,,,,,,,,,,,,,,,,,,,,,,,,,,,,,,,
,,,,,,,,https://www.tiktok.com/@lukekoumakis/video/7451488097516260625,,,,,,,,,,,,,,,,,,,,,,,,,,,,,,,,,,,,,,,,,
,,,,,,,,https://www.tiktok.com/@stylishyessy__/video/7533473456994733343,,,,,,,,,,,,,,,,,,,,,,,,,,,,,,,,,,,,,,,,,
,,,,,,,,https://www.tiktok.com/@wellfromscratch/video/7571164978162584854,,,,,,,,,,,,,,,,,,,,,,,,,,,,,,,,,,,,,,,,,
,,,,,,,,https://www.tiktok.com/@dermdoctor/video/6986302041937153286,,,,,,,,,,,,,,,,,,,,,,,,,,,,,,,,,,,,,,,,,
,,,,,,,,https://www.tiktok.com/@dermangelo/video/7615236798981082399,,,,,,,,,,,,,,,,,,,,,,,,,,,,,,,,,,,,,,,,,
,,,,,,,,https://www.tiktok.com/@dermdoctor/video/7268790770998742318,,,,,,,,,,,,,,,,,,,,,,,,,,,,,,,,,,,,,,,,,
,,,,,,,,https://www.tiktok.com/@dermdoctor/video/7133015759936163114,,,,,,,,,,,,,,,,,,,,,,,,,,,,,,,,,,,,,,,,,
,,,,,,,,https://www.tiktok.com/@dermdoctor/video/6971213304869997830,,,,,,,,,,,,,,,,,,,,,,,,,,,,,,,,,,,,,,,,,
,,,,,,,,https://www.tiktok.com/@dermarkologist/video/7457913278891642143,,,,,,,,,,,,,,,,,,,,,,,,,,,,,,,,,,,,,,,,,
,,,,,,,,https://www.tiktok.com/@some.cool.audios/video/7103133232077507846,,,,,,,,,,,,,,,,,,,,,,,,,,,,,,,,,,,,,,,,,
,,,,,,,,https://www.tiktok.com/@_n3a4k0/video/7232029094018321691,,,,,,,,,,,,,,,,,,,,,,,,,,,,,,,,,,,,,,,,,
,,,,,,,,https://www.tiktok.com/@cour10y_2.0/video/7605060103909166366,,,,,,,,,,,,,,,,,,,,,,,,,,,,,,,,,,,,,,,,,
,,,,,,,,https://www.tiktok.com/@ur6moms9fav/video/7585824701700672782,,,,,,,,,,,,,,,,,,,,,,,,,,,,,,,,,,,,,,,,,
,,,,,,,,https://www.tiktok.com/@n3rdenthusiast/video/7605649781481934100,,,,,,,,,,,,,,,,,,,,,,,,,,,,,,,,,,,,,,,,,
,,,,,,,,https://www.tiktok.com/@stinkyschu/video/7570154829876710686,,,,,,,,,,,,,,,,,,,,,,,,,,,,,,,,,,,,,,,,,
,,,,,,,,https://www.tiktok.com/@weybend_/video/7130234512881077510,,,,,,,,,,,,,,,,,,,,,,,,,,,,,,,,,,,,,,,,,
,,,,,,,,https://www.tiktok.com/@limitless_customs/video/7186759690078915845,,,,,,,,,,,,,,,,,,,,,,,,,,,,,,,,,,,,,,,,,
,,,,,,,,https://www.tiktok.com/@biggieonvr/video/7576385993310293303,,,,,,,,,,,,,,,,,,,,,,,,,,,,,,,,,,,,,,,,,
,,,,,,,,https://www.tiktok.com/@riesca.v/video/7608968293294165269,,,,,,,,,,,,,,,,,,,,,,,,,,,,,,,,,,,,,,,,,
,,,,,,,,https://www.tiktok.com/@drdustinportela/video/7417144911150976287,,,,,,,,,,,,,,,,,,,,,,,,,,,,,,,,,,,,,,,,,
,,,,,,,,https://www.tiktok.com/@drmadalyn/video/7623187336569933087,,,,,,,,,,,,,,,,,,,,,,,,,,,,,,,,,,,,,,,,,
,,,,,,,,https://www.tiktok.com/@drderrickphillips/video/7626421596399570178,,,,,,,,,,,,,,,,,,,,,,,,,,,,,,,,,,,,,,,,,
,,,,,,,,https://www.tiktok.com/@sunnyfromsunnybread/video/7586168522749857032,,,,,,,,,,,,,,,,,,,,,,,,,,,,,,,,,,,,,,,,,
,,,,,,,,https://www.tiktok.com/@milkydew/video/7625136231214517535,,,,,,,,,,,,,,,,,,,,,,,,,,,,,,,,,,,,,,,,,
,,,,,,,,https://www.tiktok.com/@brutechoi/video/7591156343894019342,,,,,,,,,,,,,,,,,,,,,,,,,,,,,,,,,,,,,,,,,
,,,,,,,,https://www.tiktok.com/@skinbydrazi/video/7614644445945941279,,,,,,,,,,,,,,,,,,,,,,,,,,,,,,,,,,,,,,,,,
,,,,,,,,https://www.tiktok.com/@dermdoctor/video/7522633694339730719,,,,,,,,,,,,,,,,,,,,,,,,,,,,,,,,,,,,,,,,,
,,,,,,,,https://www.tiktok.com/@jasonemermd/video/7435076499574656298,,,,,,,,,,,,,,,,,,,,,,,,,,,,,,,,,,,,,,,,,
,,,,,,,,https://www.tiktok.com/@dr.ljmaxfield/video/7613511451084393759,,,,,,,,,,,,,,,,,,,,,,,,,,,,,,,,,,,,,,,,,
,,,,,,,,https://www.tiktok.com/@dermdoctor/video/6842814590766566662,,,,,,,,,,,,,,,,,,,,,,,,,,,,,,,,,,,,,,,,,
,,,,,,,,https://www.tiktok.com/@sunnyfromsunnybread/video/7581408300986633479,,,,,,,,,,,,,,,,,,,,,,,,,,,,,,,,,,,,,,,,,
,,,,,,,,https://www.tiktok.com/@sunnyfromsunnybread/video/7625364171135225106,,,,,,,,,,,,,,,,,,,,,,,,,,,,,,,,,,,,,,,,,
,,,,,,,,https://www.tiktok.com/@haskell000/video/7311493895123209515,,,,,,,,,,,,,,,,,,,,,,,,,,,,,,,,,,,,,,,,,
,,,,,,,,https://www.tiktok.com/@ak_pilled/video/7616553581495291150,,,,,,,,,,,,,,,,,,,,,,,,,,,,,,,,,,,,,,,,,
,,,,,,,,https://www.tiktok.com/@remedy.ph/video/7627360962126843157,,,,,,,,,,,,,,,,,,,,,,,,,,,,,,,,,,,,,,,,,
,,,,,,,,https://www.tiktok.com/@dikamanuelx/video/7628262047985306901,,,,,,,,,,,,,,,,,,,,,,,,,,,,,,,,,,,,,,,,,
,,,,,,,,https://www.tiktok.com/@rubygrifiths/video/7614462425462557974,,,,,,,,,,,,,,,,,,,,,,,,,,,,,,,,,,,,,,,,,
,,,,,,,,https://www.tiktok.com/@sjtraub/video/7592694991835761951,,,,,,,,,,,,,,,,,,,,,,,,,,,,,,,,,,,,,,,,,
,,,,,,,,https://www.tiktok.com/@literary.mk/video/7574152277133364510,,,,,,,,,,,,,,,,,,,,,,,,,,,,,,,,,,,,,,,,,
,,,,,,,,https://www.tiktok.com/@officiallyval/video/7613407411696815381,,,,,,,,,,,,,,,,,,,,,,,,,,,,,,,,,,,,,,,,,
,,,,,,,,https://www.tiktok.com/@brownskinjay3/video/7510594194528800022,,,,,,,,,,,,,,,,,,,,,,,,,,,,,,,,,,,,,,,,,
,,,,,,,,https://www.tiktok.com/@glambyval/video/7591523952313371926,,,,,,,,,,,,,,,,,,,,,,,,,,,,,,,,,,,,,,,,,
,,,,,,,,https://www.tiktok.com/@natalie_oneillll/video/7200438301700984070,,,,,,,,,,,,,,,,,,,,,,,,,,,,,,,,,,,,,,,,,
,,,,,,,,https://www.tiktok.com/@abbeyyung/video/7140002875110985002,,,,,,,,,,,,,,,,,,,,,,,,,,,,,,,,,,,,,,,,,
,,,,,,,,https://www.tiktok.com/@dermatologysurgeon/video/7408182158784826667,,,,,,,,,,,,,,,,,,,,,,,,,,,,,,,,,,,,,,,,,
,,,,,,,,https://www.tiktok.com/@oliviabrooks_skincare/video/7620126200849059104,,,,,,,,,,,,,,,,,,,,,,,,,,,,,,,,,,,,,,,,,
,,,,,,,,https://www.tiktok.com/@_laviniamartin/video/7578935224030072086,,,,,,,,,,,,,,,,,,,,,,,,,,,,,,,,,,,,,,,,,
,,,,,,,,https://www.tiktok.com/@_laviniamartin/video/7628288365200182550,,,,,,,,,,,,,,,,,,,,,,,,,,,,,,,,,,,,,,,,,
,,,,,,,,https://www.tiktok.com/@ofeemi7/video/7581857773185535254,,,,,,,,,,,,,,,,,,,,,,,,,,,,,,,,,,,,,,,,,
,,,,,,,,https://www.tiktok.com/@mavriqisaranda/video/7603817636002057479,,,,,,,,,,,,,,,,,,,,,,,,,,,,,,,,,,,,,,,,,
,,,,,,,,https://www.tiktok.com/@_laviniamartin/video/7607906738511318295,,,,,,,,,,,,,,,,,,,,,,,,,,,,,,,,,,,,,,,,,
,,,,,,,,https://www.tiktok.com/@tam_france92/video/7567805516106239254,,,,,,,,,,,,,,,,,,,,,,,,,,,,,,,,,,,,,,,,,
,,,,,,,,https://www.tiktok.com/@drjennyliu/video/7349296459352640810,,,,,,,,,,,,,,,,,,,,,,,,,,,,,,,,,,,,,,,,,
,,,,,,,,https://www.tiktok.com/@diaryoftroubledskin/video/7174533260888886571,,,,,,,,,,,,,,,,,,,,,,,,,,,,,,,,,,,,,,,,,
,,,,,,,,https://www.tiktok.com/@miachalliner/video/7509987874545143062,,,,,,,,,,,,,,,,,,,,,,,,,,,,,,,,,,,,,,,,,
,,,,,,,,https://www.tiktok.com/@aamnaadel/video/7341478755791080736,,,,,,,,,,,,,,,,,,,,,,,,,,,,,,,,,,,,,,,,,
,,,,,,,,https://www.tiktok.com/@aamnaadel/video/7182283769318100229,,,,,,,,,,,,,,,,,,,,,,,,,,,,,,,,,,,,,,,,,
,,,,,,,,https://www.tiktok.com/@drspf/video/7374104569875303723,,,,,,,,,,,,,,,,,,,,,,,,,,,,,,,,,,,,,,,,,
,,,,,,,,https://www.tiktok.com/@dermguru/video/7361170755129838894,,,,,,,,,,,,,,,,,,,,,,,,,,,,,,,,,,,,,,,,,
,,,,,,,,https://www.tiktok.com/@drspf/video/7598358298823265566,,,,,,,,,,,,,,,,,,,,,,,,,,,,,,,,,,,,,,,,,
,,,,,,,,https://www.tiktok.com/@dr.tomassian/video/7287707778586529067,,,,,,,,,,,,,,,,,,,,,,,,,,,,,,,,,,,,,,,,,
,,,,,,,,https://www.tiktok.com/@addie.beckman/video/7600569170190732558,,,,,,,,,,,,,,,,,,,,,,,,,,,,,,,,,,,,,,,,,
,,,,,,,,https://www.tiktok.com/@charinecheungg/video/7627065484256496904,,,,,,,,,,,,,,,,,,,,,,,,,,,,,,,,,,,,,,,,,
,,,,,,,,https://www.tiktok.com/@drcharlesmd1/video/7195316613099375915,,,,,,,,,,,,,,,,,,,,,,,,,,,,,,,,,,,,,,,,,
,,,,,,,,https://www.tiktok.com/@alirodmd/video/7595990787951758623,,,,,,,,,,,,,,,,,,,,,,,,,,,,,,,,,,,,,,,,,
,,,,,,,,https://www.tiktok.com/@abbeyyung/video/7131093396663307566,,,,,,,,,,,,,,,,,,,,,,,,,,,,,,,,,,,,,,,,,
,,,,,,,,https://www.tiktok.com/@philsmypharmacist/video/7214689916473609514,,,,,,,,,,,,,,,,,,,,,,,,,,,,,,,,,,,,,,,,,
,,,,,,,,https://www.tiktok.com/@glowwkailin/video/7603817049571298573,,,,,,,,,,,,,,,,,,,,,,,,,,,,,,,,,,,,,,,,,
,,,,,,,,https://www.tiktok.com/@shereeneidriss/video/7244564834480557358,,,,,,,,,,,,,,,,,,,,,,,,,,,,,,,,,,,,,,,,,
,,,,,,,,https://www.tiktok.com/@sophmosca/video/7486220526948502830,,,,,,,,,,,,,,,,,,,,,,,,,,,,,,,,,,,,,,,,,
,,,,,,,,https://www.tiktok.com/@honeydew.care/video/7592381043953437982,,,,,,,,,,,,,,,,,,,,,,,,,,,,,,,,,,,,,,,,,
,,,,,,,,https://www.tiktok.com/@darthcydiousx/video/6710555374958677254,,,,,,,,,,,,,,,,,,,,,,,,,,,,,,,,,,,,,,,,,
,,,,,,,,https://www.tiktok.com/@hannahroxit.com/video/6713167553973193989,,,,,,,,,,,,,,,,,,,,,,,,,,,,,,,,,,,,,,,,,
,,,,,,,,https://www.tiktok.com/@planetmakeup/video/6697744589043797254,,,,,,,,,,,,,,,,,,,,,,,,,,,,,,,,,,,,,,,,,
,,,,,,,,https://www.tiktok.com/@nurseangelaknows/video/6708385297991732485,,,,,,,,,,,,,,,,,,,,,,,,,,,,,,,,,,,,,,,,,
,,,,,,,,https://www.tiktok.com/@hannahroxit.com/video/6715435960718462214,,,,,,,,,,,,,,,,,,,,,,,,,,,,,,,,,,,,,,,,,
,,,,,,,,https://www.tiktok.com/@yoyoiziah/video/6710294781999713542,,,,,,,,,,,,,,,,,,,,,,,,,,,,,,,,,,,,,,,,,
,,,,,,,,https://www.tiktok.com/@blossom/video/6712484611458338053,,,,,,,,,,,,,,,,,,,,,,,,,,,,,,,,,,,,,,,,,
,,,,,,,,https://www.tiktok.com/@sewwiggedout/video/6714409127583419654,,,,,,,,,,,,,,,,,,,,,,,,,,,,,,,,,,,,,,,,,
,,,,,,,,https://www.tiktok.com/@victorialyn/video/6700613841622928645,,,,,,,,,,,,,,,,,,,,,,,,,,,,,,,,,,,,,,,,,
,,,,,,,,https://www.tiktok.com/@gracie.phillipss/video/6702027909126688005,,,,,,,,,,,,,,,,,,,,,,,,,,,,,,,,,,,,,,,,,
,,,,,,,,https://www.tiktok.com/@icutyolawnduhh/video/6725129755416399109,,,,,,,,,,,,,,,,,,,,,,,,,,,,,,,,,,,,,,,,,
,,,,,,,,https://www.tiktok.com/@stacey.athome/video/6718800990021111046,,,,,,,,,,,,,,,,,,,,,,,,,,,,,,,,,,,,,,,,,
,,,,,,,,https://www.tiktok.com/@fluffyface_enzo/video/6649791344686402822,,,,,,,,,,,,,,,,,,,,,,,,,,,,,,,,,,,,,,,,,
,,,,,,,,https://www.tiktok.com/@stacey.athome/video/6716094246169873669,,,,,,,,,,,,,,,,,,,,,,,,,,,,,,,,,,,,,,,,,
,,,,,,,,https://www.tiktok.com/@its_shalyssaa/video/6687094956231757061,,,,,,,,,,,,,,,,,,,,,,,,,,,,,,,,,,,,,,,,,
,,,,,,,,https://www.tiktok.com/@annierose/video/6721707181273648390,,,,,,,,,,,,,,,,,,,,,,,,,,,,,,,,,,,,,,,,,
,,,,,,,,https://www.tiktok.com/@rebeccaseals/video/6718999290779290886,,,,,,,,,,,,,,,,,,,,,,,,,,,,,,,,,,,,,,,,,
,,,,,,,,https://www.tiktok.com/@maximorivano/video/6738022404284566790,,,,,,,,,,,,,,,,,,,,,,,,,,,,,,,,,,,,,,,,,
,,,,,,,,https://www.tiktok.com/@kaitlynn.huhn/video/6726156852175850757,,,,,,,,,,,,,,,,,,,,,,,,,,,,,,,,,,,,,,,,,
,,,,,,,,https://www.tiktok.com/@spurweezy/video/6734479120962571526,,,,,,,,,,,,,,,,,,,,,,,,,,,,,,,,,,,,,,,,,
,,,,,,,,https://www.tiktok.com/@dermguru/video/7606379959149546783,,,,,,,,,,,,,,,,,,,,,,,,,,,,,,,,,,,,,,,,,
,,,,,,,,https://www.tiktok.com/@denverskindoc/video/7584224246247853343,,,,,,,,,,,,,,,,,,,,,,,,,,,,,,,,,,,,,,,,,
,,,,,,,,https://www.tiktok.com/@dr.mamina/video/7332131259537231147,,,,,,,,,,,,,,,,,,,,,,,,,,,,,,,,,,,,,,,,,
,,,,,,,,https://www.tiktok.com/@dermarkologist/video/7625290385564257566,,,,,,,,,,,,,,,,,,,,,,,,,,,,,,,,,,,,,,,,,
,,,,,,,,https://www.tiktok.com/@drpremtripathi/video/7511509897578581294,,,,,,,,,,,,,,,,,,,,,,,,,,,,,,,,,,,,,,,,,
,,,,,,,,https://www.tiktok.com/@drjennyliu/video/7554012553257520397,,,,,,,,,,,,,,,,,,,,,,,,,,,,,,,,,,,,,,,,,
,,,,,,,,https://www.tiktok.com/@dr.tomassian/video/7434657010584472863,,,,,,,,,,,,,,,,,,,,,,,,,,,,,,,,,,,,,,,,,
,,,,,,,,https://www.tiktok.com/@natalie_oneillll/video/7192293017057873158,,,,,,,,,,,,,,,,,,,,,,,,,,,,,,,,,,,,,,,,,
,,,,,,,,https://www.tiktok.com/@catchangmd/video/7609041790414425375,,,,,,,,,,,,,,,,,,,,,,,,,,,,,,,,,,,,,,,,,
,,,,,,,,https://www.tiktok.com/@sarahsaleen/video/7218707059825511722,,,,,,,,,,,,,,,,,,,,,,,,,,,,,,,,,,,,,,,,,
,,,,,,,,https://www.tiktok.com/@dermarkologist/video/7442883068278345006,,,,,,,,,,,,,,,,,,,,,,,,,,,,,,,,,,,,,,,,,
,,,,,,,,https://www.tiktok.com/@dermguru/video/7479429338413354286,,,,,,,,,,,,,,,,,,,,,,,,,,,,,,,,,,,,,,,,,
,,,,,,,,https://www.tiktok.com/@erinnoelleh/video/7498491562649718046,,,,,,,,,,,,,,,,,,,,,,,,,,,,,,,,,,,,,,,,,
,,,,,,,,https://www.tiktok.com/@alixearle/video/7263224613541285166,,,,,,,,,,,,,,,,,,,,,,,,,,,,,,,,,,,,,,,,,
,,,,,,,,https://www.tiktok.com/@kennedyfaris/video/7627206492629765406,,,,,,,,,,,,,,,,,,,,,,,,,,,,,,,,,,,,,,,,,
,,,,,,,,https://www.tiktok.com/@annatheshum/video/7356260438809595178,,,,,,,,,,,,,,,,,,,,,,,,,,,,,,,,,,,,,,,,,
,,,,,,,,https://www.tiktok.com/@annafaiith_/video/7615323011855519006,,,,,,,,,,,,,,,,,,,,,,,,,,,,,,,,,,,,,,,,,
,,,,,,,,https://www.tiktok.com/@honey_robinson/video/7555556161055935758,,,,,,,,,,,,,,,,,,,,,,,,,,,,,,,,,,,,,,,,,
,,,,,,,,https://www.tiktok.com/@annatheshum/video/7340753613213584686,,,,,,,,,,,,,,,,,,,,,,,,,,,,,,,,,,,,,,,,,
,,,,,,,,https://www.tiktok.com/@tafadzwaaaa/video/7625058831529250062,,,,,,,,,,,,,,,,,,,,,,,,,,,,,,,,,,,,,,,,,
,,,,,,,,https://www.tiktok.com/@dermdoctor/video/6924483651375746309,,,,,,,,,,,,,,,,,,,,,,,,,,,,,,,,,,,,,,,,,
,,,,,,,,https://www.tiktok.com/@dermdoctor/video/7104424347544079658,,,,,,,,,,,,,,,,,,,,,,,,,,,,,,,,,,,,,,,,,
,,,,,,,,https://www.tiktok.com/@mattrandon/video/7612362346148711702,,,,,,,,,,,,,,,,,,,,,,,,,,,,,,,,,,,,,,,,,
,,,,,,,,https://www.tiktok.com/@annietamaki/video/7272774621886172458,,,,,,,,,,,,,,,,,,,,,,,,,,,,,,,,,,,,,,,,,
,,,,,,,,https://www.tiktok.com/@philsmypharmacist/video/7609851597740395790,,,,,,,,,,,,,,,,,,,,,,,,,,,,,,,,,,,,,,,,,
,,,,,,,,https://www.tiktok.com/@shereeneidriss/video/7257190685399403819,,,,,,,,,,,,,,,,,,,,,,,,,,,,,,,,,,,,,,,,,
,,,,,,,,https://www.tiktok.com/@dr.ljmaxfield/video/7612681497606229261,,,,,,,,,,,,,,,,,,,,,,,,,,,,,,,,,,,,,,,,,
,,,,,,,,https://www.tiktok.com/@denverskindoc/video/7307720416628346155,,,,,,,,,,,,,,,,,,,,,,,,,,,,,,,,,,,,,,,,,
,,,,,,,,https://www.tiktok.com/@drsomjiskin/video/7614180299550903574,,,,,,,,,,,,,,,,,,,,,,,,,,,,,,,,,,,,,,,,,
,,,,,,,,https://www.tiktok.com/@drsomjiskin/video/7610849543969606934,,,,,,,,,,,,,,,,,,,,,,,,,,,,,,,,,,,,,,,,,
,,,,,,,,https://www.tiktok.com/@aamnaadel/video/7622744824747216150,,,,,,,,,,,,,,,,,,,,,,,,,,,,,,,,,,,,,,,,,
,,,,,,,,https://www.tiktok.com/@dr.mamina/video/7628227697595960589,,,,,,,,,,,,,,,,,,,,,,,,,,,,,,,,,,,,,,,,,
,,,,,,,,https://www.tiktok.com/@shereeneidriss/video/7425088908502863147,,,,,,,,,,,,,,,,,,,,,,,,,,,,,,,,,,,,,,,,,
,,,,,,,,https://www.tiktok.com/@dr.mamina/video/7607833424388230414,,,,,,,,,,,,,,,,,,,,,,,,,,,,,,,,,,,,,,,,,
,,,,,,,,https://www.tiktok.com/@drspf/video/7320782440220429610,,,,,,,,,,,,,,,,,,,,,,,,,,,,,,,,,,,,,,,,,
,,,,,,,,https://www.tiktok.com/@dermangelo/video/7534348396014931231,,,,,,,,,,,,,,,,,,,,,,,,,,,,,,,,,,,,,,,,,
,,,,,,,,https://www.tiktok.com/@drmadalyn/video/7597111331103198494,,,,,,,,,,,,,,,,,,,,,,,,,,,,,,,,,,,,,,,,,
,,,,,,,,https://www.tiktok.com/@denverskindoc/video/7589283659417423135,,,,,,,,,,,,,,,,,,,,,,,,,,,,,,,,,,,,,,,,,
,,,,,,,,https://www.tiktok.com/@dermarkologist/video/7616867349873904927,,,,,,,,,,,,,,,,,,,,,,,,,,,,,,,,,,,,,,,,,
,,,,,,,,https://www.tiktok.com/@skinbydrazi/video/7211928486540528942,,,,,,,,,,,,,,,,,,,,,,,,,,,,,,,,,,,,,,,,,
,,,,,,,,https://www.tiktok.com/@aamnaadel/video/7425701395594022177,,,,,,,,,,,,,,,,,,,,,,,,,,,,,,,,,,,,,,,,,
,,,,,,,,https://www.tiktok.com/@drjennyliu/video/7475355483126336814,,,,,,,,,,,,,,,,,,,,,,,,,,,,,,,,,,,,,,,,,
,,,,,,,,https://www.tiktok.com/@dr.mamina/video/7423915905203113246,,,,,,,,,,,,,,,,,,,,,,,,,,,,,,,,,,,,,,,,,
,,,,,,,,https://www.tiktok.com/@dermdoctor/video/6886649153150127366,,,,,,,,,,,,,,,,,,,,,,,,,,,,,,,,,,,,,,,,,
,,,,,,,,https://www.tiktok.com/@drjennyliu/video/7464595430475730222,,,,,,,,,,,,,,,,,,,,,,,,,,,,,,,,,,,,,,,,,
,,,,,,,,https://www.tiktok.com/@aamnaadel/video/7398614908671118624,,,,,,,,,,,,,,,,,,,,,,,,,,,,,,,,,,,,,,,,,
,,,,,,,,https://www.tiktok.com/@aamnaadel/video/7588997547197287683,,,,,,,,,,,,,,,,,,,,,,,,,,,,,,,,,,,,,,,,,
,,,,,,,,https://www.tiktok.com/@dr.mamina/video/7457805396032392478,,,,,,,,,,,,,,,,,,,,,,,,,,,,,,,,,,,,,,,,,
,,,,,,,,https://www.tiktok.com/@drjennyliu/video/7598029009116564749,,,,,,,,,,,,,,,,,,,,,,,,,,,,,,,,,,,,,,,,,
,,,,,,,,https://www.tiktok.com/@dermguru/video/7613464697232248095,,,,,,,,,,,,,,,,,,,,,,,,,,,,,,,,,,,,,,,,,
,,,,,,,,https://www.tiktok.com/@aamnaadel/video/7607918028063247638,,,,,,,,,,,,,,,,,,,,,,,,,,,,,,,,,,,,,,,,,
,,,,,,,,https://www.tiktok.com/@dermguru/video/7174787748648471854,,,,,,,,,,,,,,,,,,,,,,,,,,,,,,,,,,,,,,,,,
,,,,,,,,https://www.tiktok.com/@dermangelo/video/7309232709816028459,,,,,,,,,,,,,,,,,,,,,,,,,,,,,,,,,,,,,,,,,
,,,,,,,,https://www.tiktok.com/@brownskinderm/video/7617194300199226638,,,,,,,,,,,,,,,,,,,,,,,,,,,,,,,,,,,,,,,,,
,,,,,,,,https://www.tiktok.com/@drjoe_md/video/7615704941818105118,,,,,,,,,,,,,,,,,,,,,,,,,,,,,,,,,,,,,,,,,
,,,,,,,,https://www.tiktok.com/@russwong.md/video/7517389209997495559,,,,,,,,,,,,,,,,,,,,,,,,,,,,,,,,,,,,,,,,,
,,,,,,,,https://www.tiktok.com/@boutiqueskinenvie/video/7553734945617841416,,,,,,,,,,,,,,,,,,,,,,,,,,,,,,,,,,,,,,,,,
,,,,,,,,https://www.tiktok.com/@asmashah/video/7568170542742703368,,,,,,,,,,,,,,,,,,,,,,,,,,,,,,,,,,,,,,,,,
,,,,,,,,https://www.tiktok.com/@drektay/video/7614050828613209375,,,,,,,,,,,,,,,,,,,,,,,,,,,,,,,,,,,,,,,,,
,,,,,,,,https://www.tiktok.com/@boutiqueskinenvie/video/7617982035453349127,,,,,,,,,,,,,,,,,,,,,,,,,,,,,,,,,,,,,,,,,
,,,,,,,,https://www.tiktok.com/@drektay/video/7584331742052355358,,,,,,,,,,,,,,,,,,,,,,,,,,,,,,,,,,,,,,,,,
,,,,,,,,https://www.tiktok.com/@opheyylia/video/7625563370363604246,,,,,,,,,,,,,,,,,,,,,,,,,,,,,,,,,,,,,,,,,
,,,,,,,,https://www.tiktok.com/@ashleysmixon/video/7488013129541094687,,,,,,,,,,,,,,,,,,,,,,,,,,,,,,,,,,,,,,,,,
,,,,,,,,https://www.tiktok.com/@careclarkbsn/video/7626550640684174623,,,,,,,,,,,,,,,,,,,,,,,,,,,,,,,,,,,,,,,,,
,,,,,,,,https://www.tiktok.com/@dermangelo/video/7626838673656417566,,,,,,,,,,,,,,,,,,,,,,,,,,,,,,,,,,,,,,,,,
,,,,,,,,https://www.tiktok.com/@dermangelo/video/7628224316122991903,,,,,,,,,,,,,,,,,,,,,,,,,,,,,,,,,,,,,,,,,
,,,,,,,,https://www.tiktok.com/@dermangelo/video/7628446837988461854,,,,,,,,,,,,,,,,,,,,,,,,,,,,,,,,,,,,,,,,,
,,,,,,,,https://www.tiktok.com/@dermangelo/video/7613403186715544863,,,,,,,,,,,,,,,,,,,,,,,,,,,,,,,,,,,,,,,,,
,,,,,,,,https://www.tiktok.com/@dermangelo/video/7608615530961947934,,,,,,,,,,,,,,,,,,,,,,,,,,,,,,,,,,,,,,,,,
,,,,,,,,https://www.tiktok.com/@dermangelo/video/7523654227671993631,,,,,,,,,,,,,,,,,,,,,,,,,,,,,,,,,,,,,,,,,
,,,,,,,,https://www.tiktok.com/@dermangelo/video/7600915918536887582,,,,,,,,,,,,,,,,,,,,,,,,,,,,,,,,,,,,,,,,,
,,,,,,,,https://www.tiktok.com/@dermangelo/video/7604121706361326879,,,,,,,,,,,,,,,,,,,,,,,,,,,,,,,,,,,,,,,,,
,,,,,,,,https://www.tiktok.com/@dermangelo/video/7348500031562992938,,,,,,,,,,,,,,,,,,,,,,,,,,,,,,,,,,,,,,,,,
,,,,,,,,https://www.tiktok.com/@dermangelo/video/7604877432394501407,,,,,,,,,,,,,,,,,,,,,,,,,,,,,,,,,,,,,,,,,
,,,,,,,,https://www.tiktok.com/@maxandwell_/video/7265449443116322053,,,,,,,,,,,,,,,,,,,,,,,,,,,,,,,,,,,,,,,,,
,,,,,,,,https://www.tiktok.com/@facedbycam/video/7628753118855040269,,,,,,,,,,,,,,,,,,,,,,,,,,,,,,,,,,,,,,,,,
,,,,,,,,https://www.tiktok.com/@kiyahraine/video/7453625832377175342,,,,,,,,,,,,,,,,,,,,,,,,,,,,,,,,,,,,,,,,,
,,,,,,,,https://www.tiktok.com/@jocelyntrimmier/video/7431308967676054814,,,,,,,,,,,,,,,,,,,,,,,,,,,,,,,,,,,,,,,,,
,,,,,,,,https://www.tiktok.com/@turboweezy/video/7628734292343999775,,,,,,,,,,,,,,,,,,,,,,,,,,,,,,,,,,,,,,,,,
,,,,,,,,https://www.tiktok.com/@jajolieskin/video/7310286626561854763,,,,,,,,,,,,,,,,,,,,,,,,,,,,,,,,,,,,,,,,,
,,,,,,,,https://www.tiktok.com/@skincarewithmorgan/video/7628730879036247309,,,,,,,,,,,,,,,,,,,,,,,,,,,,,,,,,,,,,,,,,
,,,,,,,,https://www.tiktok.com/@lucy_seitz/video/7271323030767389995,,,,,,,,,,,,,,,,,,,,,,,,,,,,,,,,,,,,,,,,,
,,,,,,,,https://www.tiktok.com/@maxandwell_/video/7388308237470141702,,,,,,,,,,,,,,,,,,,,,,,,,,,,,,,,,,,,,,,,,
,,,,,,,,https://www.tiktok.com/@rooted.reflections/video/7332240659576802602,,,,,,,,,,,,,,,,,,,,,,,,,,,,,,,,,,,,,,,,,
,,,,,,,,https://www.tiktok.com/@dermguru/video/7119840719082229035,,,,,,,,,,,,,,,,,,,,,,,,,,,,,,,,,,,,,,,,,
,,,,,,,,https://www.tiktok.com/@drdustinportela/video/7413881033063533855,,,,,,,,,,,,,,,,,,,,,,,,,,,,,,,,,,,,,,,,,
,,,,,,,,https://www.tiktok.com/@dermguru/video/7550039717631347998,,,,,,,,,,,,,,,,,,,,,,,,,,,,,,,,,,,,,,,,,
,,,,,,,,https://www.tiktok.com/@dermdoctor/video/6930250257943104774,,,,,,,,,,,,,,,,,,,,,,,,,,,,,,,,,,,,,,,,,
,,,,,,,,https://www.tiktok.com/@dr.mamina/video/7252416008978271530,,,,,,,,,,,,,,,,,,,,,,,,,,,,,,,,,,,,,,,,,
,,,,,,,,https://www.tiktok.com/@russwong.md/video/7603389366295104786,,,,,,,,,,,,,,,,,,,,,,,,,,,,,,,,,,,,,,,,,
,,,,,,,,https://www.tiktok.com/@doctorsood/video/7554536484494265613,,,,,,,,,,,,,,,,,,,,,,,,,,,,,,,,,,,,,,,,,
,,,,,,,,https://www.tiktok.com/@drjennyliu/video/7195923305205959978,,,,,,,,,,,,,,,,,,,,,,,,,,,,,,,,,,,,,,,,,
,,,,,,,,https://www.tiktok.com/@dr_ingky/video/7626697085806595345,,,,,,,,,,,,,,,,,,,,,,,,,,,,,,,,,,,,,,,,,
,,,,,,,,https://www.tiktok.com/@careclarkbsn/video/6915563865371643141,,,,,,,,,,,,,,,,,,,,,,,,,,,,,,,,,,,,,,,,,
,,,,,,,,https://www.tiktok.com/@dermdoctor/video/6838406405406330117,,,,,,,,,,,,,,,,,,,,,,,,,,,,,,,,,,,,,,,,,
,,,,,,,,https://www.tiktok.com/@dr.tommymartin/video/6891304287402577158,,,,,,,,,,,,,,,,,,,,,,,,,,,,,,,,,,,,,,,,,
,,,,,,,,https://www.tiktok.com/@drtiapaul/video/7275146342123556138,,,,,,,,,,,,,,,,,,,,,,,,,,,,,,,,,,,,,,,,,
,,,,,,,,https://www.tiktok.com/@drtiapaul/video/7361223156922600746,,,,,,,,,,,,,,,,,,,,,,,,,,,,,,,,,,,,,,,,,
,,,,,,,,https://www.tiktok.com/@skinbydrazi/video/7514402742614379806,,,,,,,,,,,,,,,,,,,,,,,,,,,,,,,,,,,,,,,,,
,,,,,,,,https://www.tiktok.com/@aamnaadel/video/7613485440850578710,,,,,,,,,,,,,,,,,,,,,,,,,,,,,,,,,,,,,,,,,
,,,,,,,,https://www.tiktok.com/@dr.mamina/video/7332873356389256490,,,,,,,,,,,,,,,,,,,,,,,,,,,,,,,,,,,,,,,,,
,,,,,,,,https://www.tiktok.com/@drspf/video/7578984438751661342,,,,,,,,,,,,,,,,,,,,,,,,,,,,,,,,,,,,,,,,,
,,,,,,,,https://www.tiktok.com/@sunnyfromsunnybread/video/7598531206942117127,,,,,,,,,,,,,,,,,,,,,,,,,,,,,,,,,,,,,,,,,
,,,,,,,,https://www.tiktok.com/@kalei_sg/video/7329056598825995538,,,,,,,,,,,,,,,,,,,,,,,,,,,,,,,,,,,,,,,,,
,,,,,,,,https://www.tiktok.com/@dr.ryan.md/video/7623790597286939934,,,,,,,,,,,,,,,,,,,,,,,,,,,,,,,,,,,,,,,,,
,,,,,,,,https://www.tiktok.com/@drabby6/video/7252860847834271019,,,,,,,,,,,,,,,,,,,,,,,,,,,,,,,,,,,,,,,,,
,,,,,,,,https://www.tiktok.com/@._taramd/video/7363274641651207470,,,,,,,,,,,,,,,,,,,,,,,,,,,,,,,,,,,,,,,,,
,,,,,,,,https://www.tiktok.com/@drsomjiskin/video/7628276945599434006,,,,,,,,,,,,,,,,,,,,,,,,,,,,,,,,,,,,,,,,,
,,,,,,,,https://www.tiktok.com/@mzxydd/video/7615259421056224534,,,,,,,,,,,,,,,,,,,,,,,,,,,,,,,,,,,,,,,,,
,,,,,,,,https://www.tiktok.com/@dermatica/video/7490662084494019862,,,,,,,,,,,,,,,,,,,,,,,,,,,,,,,,,,,,,,,,,
,,,,,,,,https://www.tiktok.com/@charinecheungg/video/7477844965473684742,,,,,,,,,,,,,,,,,,,,,,,,,,,,,,,,,,,,,,,,,
,,,,,,,,https://www.tiktok.com/@neverforbad/video/7440479176307510583,,,,,,,,,,,,,,,,,,,,,,,,,,,,,,,,,,,,,,,,,
,,,,,,,,https://www.tiktok.com/@charinecheungg/video/7420523561464466694,,,,,,,,,,,,,,,,,,,,,,,,,,,,,,,,,,,,,,,,,
,,,,,,,,https://www.tiktok.com/@purito_official/video/7540834088047922446,,,,,,,,,,,,,,,,,,,,,,,,,,,,,,,,,,,,,,,,,
,,,,,,,,https://www.tiktok.com/@sannie.ugc/video/7547210889422785793,,,,,,,,,,,,,,,,,,,,,,,,,,,,,,,,,,,,,,,,,
,,,,,,,,https://www.tiktok.com/@dermdoctor/video/7364911557374954794,,,,,,,,,,,,,,,,,,,,,,,,,,,,,,,,,,,,,,,,,
,,,,,,,,https://www.tiktok.com/@tifeugc5/video/7620376658339482901,,,,,,,,,,,,,,,,,,,,,,,,,,,,,,,,,,,,,,,,,
,,,,,,,,https://www.tiktok.com/@s_u_n_r_i_t_a_/video/7622708465919593748,,,,,,,,,,,,,,,,,,,,,,,,,,,,,,,,,,,,,,,,,
,,,,,,,,https://www.tiktok.com/@glowwithmeenah1/video/7622455075696413960,,,,,,,,,,,,,,,,,,,,,,,,,,,,,,,,,,,,,,,,,
,,,,,,,,https://www.tiktok.com/@dermarkologist/video/7627927135872650527,,,,,,,,,,,,,,,,,,,,,,,,,,,,,,,,,,,,,,,,,
,,,,,,,,https://www.tiktok.com/@dermarkologist/video/7428736623879130410,,,,,,,,,,,,,,,,,,,,,,,,,,,,,,,,,,,,,,,,,
,,,,,,,,https://www.tiktok.com/@natalie_oneillll/video/7609773266202414358,,,,,,,,,,,,,,,,,,,,,,,,,,,,,,,,,,,,,,,,,
,,,,,,,,https://www.tiktok.com/@dermarkologist/video/7469129168341519646,,,,,,,,,,,,,,,,,,,,,,,,,,,,,,,,,,,,,,,,,
,,,,,,,,https://www.tiktok.com/@natalie_oneillll/video/7552578975554489622,,,,,,,,,,,,,,,,,,,,,,,,,,,,,,,,,,,,,,,,,
,,,,,,,,https://www.tiktok.com/@drdrayzday/video/7402390501388766495,,,,,,,,,,,,,,,,,,,,,,,,,,,,,,,,,,,,,,,,,
,,,,,,,,https://www.tiktok.com/@drabby6/video/7615823919169211678,,,,,,,,,,,,,,,,,,,,,,,,,,,,,,,,,,,,,,,,,
,,,,,,,,https://www.tiktok.com/@natalie_oneillll/video/7624942551404924182,,,,,,,,,,,,,,,,,,,,,,,,,,,,,,,,,,,,,,,,,
,,,,,,,,https://www.tiktok.com/@sparklesandskin/video/7622364311159098646,,,,,,,,,,,,,,,,,,,,,,,,,,,,,,,,,,,,,,,,,
,,,,,,,,https://www.tiktok.com/@drspf/video/7309161789420326190,,,,,,,,,,,,,,,,,,,,,,,,,,,,,,,,,,,,,,,,,
,,,,,,,,https://www.tiktok.com/@dermdoctor/video/7619112912774384927,,,,,,,,,,,,,,,,,,,,,,,,,,,,,,,,,,,,,,,,,
,,,,,,,,https://www.tiktok.com/@gabvasile/video/7436551156144475438,,,,,,,,,,,,,,,,,,,,,,,,,,,,,,,,,,,,,,,,,
,,,,,,,,https://www.tiktok.com/@dermdoctor/video/7348114389897153835,,,,,,,,,,,,,,,,,,,,,,,,,,,,,,,,,,,,,,,,,
,,,,,,,,https://www.tiktok.com/@dr.tomassian/video/7328223646600809774,,,,,,,,,,,,,,,,,,,,,,,,,,,,,,,,,,,,,,,,,
,,,,,,,,https://www.tiktok.com/@denverskindoc/video/7312922069078068526,,,,,,,,,,,,,,,,,,,,,,,,,,,,,,,,,,,,,,,,,
,,,,,,,,https://www.tiktok.com/@drspf/video/7616092827944013087,,,,,,,,,,,,,,,,,,,,,,,,,,,,,,,,,,,,,,,,,
,,,,,,,,https://www.tiktok.com/@imhannahcho/video/7628655465043348767,,,,,,,,,,,,,,,,,,,,,,,,,,,,,,,,,,,,,,,,,
,,,,,,,,https://www.tiktok.com/@imhannahcho/video/7628477052936670495,,,,,,,,,,,,,,,,,,,,,,,,,,,,,,,,,,,,,,,,,
,,,,,,,,https://www.tiktok.com/@drmadalyn/video/7626509169113287950,,,,,,,,,,,,,,,,,,,,,,,,,,,,,,,,,,,,,,,,,
,,,,,,,,https://www.tiktok.com/@soulsnatcheralice/video/7628300509413231886,,,,,,,,,,,,,,,,,,,,,,,,,,,,,,,,,,,,,,,,,
,,,,,,,,https://www.tiktok.com/@milkydew/video/7626841721845992734,,,,,,,,,,,,,,,,,,,,,,,,,,,,,,,,,,,,,,,,,
,,,,,,,,https://www.tiktok.com/@vpucino/video/7628695536119385374,,,,,,,,,,,,,,,,,,,,,,,,,,,,,,,,,,,,,,,,,
,,,,,,,,https://www.tiktok.com/@xo_britneyxo/video/7555918555812826381,,,,,,,,,,,,,,,,,,,,,,,,,,,,,,,,,,,,,,,,,
,,,,,,,,https://www.tiktok.com/@alysialoo/video/7625736970811084063,,,,,,,,,,,,,,,,,,,,,,,,,,,,,,,,,,,,,,,,,
,,,,,,,,https://www.tiktok.com/@dewylouie/video/7454354017074810142,,,,,,,,,,,,,,,,,,,,,,,,,,,,,,,,,,,,,,,,,
,,,,,,,,https://www.tiktok.com/@denverskindoc/video/7365982590433578283,,,,,,,,,,,,,,,,,,,,,,,,,,,,,,,,,,,,,,,,,
,,,,,,,,https://www.tiktok.com/@skincaredavey/video/7366165803453910273,,,,,,,,,,,,,,,,,,,,,,,,,,,,,,,,,,,,,,,,,
,,,,,,,,https://www.tiktok.com/@dr_emilly/video/7617839230873554198,,,,,,,,,,,,,,,,,,,,,,,,,,,,,,,,,,,,,,,,,
,,,,,,,,https://www.tiktok.com/@terleether.create/video/7536262981789682966,,,,,,,,,,,,,,,,,,,,,,,,,,,,,,,,,,,,,,,,,
,,,,,,,,https://www.tiktok.com/@jes.finds/video/7393893835132226847,,,,,,,,,,,,,,,,,,,,,,,,,,,,,,,,,,,,,,,,,
,,,,,,,,https://www.tiktok.com/@doctorhealonline/video/7443948175074905366,,,,,,,,,,,,,,,,,,,,,,,,,,,,,,,,,,,,,,,,,
,,,,,,,,https://www.tiktok.com/@skinwithjayme/video/7351638579052924202,,,,,,,,,,,,,,,,,,,,,,,,,,,,,,,,,,,,,,,,,
,,,,,,,,https://www.tiktok.com/@dianafitnutricion/video/7591850428070006038,,,,,,,,,,,,,,,,,,,,,,,,,,,,,,,,,,,,,,,,,
,,,,,,,,https://www.tiktok.com/@tablet_effervescent/video/7442973285417110805,,,,,,,,,,,,,,,,,,,,,,,,,,,,,,,,,,,,,,,,,
,,,,,,,,https://www.tiktok.com/@thenaturalnadine/video/7615803121847110943,,,,,,,,,,,,,,,,,,,,,,,,,,,,,,,,,,,,,,,,,
,,,,,,,,https://www.tiktok.com/@dr.mamina/video/7289813806862191918,,,,,,,,,,,,,,,,,,,,,,,,,,,,,,,,,,,,,,,,,
,,,,,,,,https://www.tiktok.com/@dr.mamina/video/7341051076734422314,,,,,,,,,,,,,,,,,,,,,,,,,,,,,,,,,,,,,,,,,
,,,,,,,,https://www.tiktok.com/@drwhitneybowe/video/7610535487463361822,,,,,,,,,,,,,,,,,,,,,,,,,,,,,,,,,,,,,,,,,
,,,,,,,,https://www.tiktok.com/@pcos.weight.loss/video/7208608533129006378,,,,,,,,,,,,,,,,,,,,,,,,,,,,,,,,,,,,,,,,,
,,,,,,,,https://www.tiktok.com/@justjuliaiz/video/7430978552004169006,,,,,,,,,,,,,,,,,,,,,,,,,,,,,,,,,,,,,,,,,
,,,,,,,,https://www.tiktok.com/@honeydew.care/video/7564521018690112799,,,,,,,,,,,,,,,,,,,,,,,,,,,,,,,,,,,,,,,,,
,,,,,,,,https://www.tiktok.com/@allthingszoet/video/7600391423648697630,,,,,,,,,,,,,,,,,,,,,,,,,,,,,,,,,,,,,,,,,
,,,,,,,,https://www.tiktok.com/@theclearskinnutritionist/video/7600548991259938079,,,,,,,,,,,,,,,,,,,,,,,,,,,,,,,,,,,,,,,,,
,,,,,,,,https://www.tiktok.com/@360envyaesthetics/video/7361970809348492590,,,,,,,,,,,,,,,,,,,,,,,,,,,,,,,,,,,,,,,,,
,,,,,,,,https://www.tiktok.com/@drspf/video/7611656068510403870,,,,,,,,,,,,,,,,,,,,,,,,,,,,,,,,,,,,,,,,,
,,,,,,,,https://www.tiktok.com/@dermguru/video/7588167421551234335,,,,,,,,,,,,,,,,,,,,,,,,,,,,,,,,,,,,,,,,,
,,,,,,,,https://www.tiktok.com/@drspf/video/7433124023770434859,,,,,,,,,,,,,,,,,,,,,,,,,,,,,,,,,,,,,,,,,
,,,,,,,,https://www.tiktok.com/@dermarkologist/video/7450573191434603807,,,,,,,,,,,,,,,,,,,,,,,,,,,,,,,,,,,,,,,,,
,,,,,,,,https://www.tiktok.com/@drspf/video/7618735183180696863,,,,,,,,,,,,,,,,,,,,,,,,,,,,,,,,,,,,,,,,,
,,,,,,,,https://www.tiktok.com/@drjennyliu/video/7593367532900306189,,,,,,,,,,,,,,,,,,,,,,,,,,,,,,,,,,,,,,,,,
,,,,,,,,https://www.tiktok.com/@aamnaadel/video/7100580112386526469,,,,,,,,,,,,,,,,,,,,,,,,,,,,,,,,,,,,,,,,,
,,,,,,,,https://www.tiktok.com/@dr.zionko/video/7308371576548805930,,,,,,,,,,,,,,,,,,,,,,,,,,,,,,,,,,,,,,,,,
,,,,,,,,https://www.tiktok.com/@natalie_oneillll/video/7613455183535738134,,,,,,,,,,,,,,,,,,,,,,,,,,,,,,,,,,,,,,,,,
,,,,,,,,https://www.tiktok.com/@celineglow/video/7570001945197284639,,,,,,,,,,,,,,,,,,,,,,,,,,,,,,,,,,,,,,,,,
,,,,,,,,https://www.tiktok.com/@zoe__barrett/video/7600291897545886996,,,,,,,,,,,,,,,,,,,,,,,,,,,,,,,,,,,,,,,,,
,,,,,,,,https://www.tiktok.com/@drfelicechan/video/7484015688651214111,,,,,,,,,,,,,,,,,,,,,,,,,,,,,,,,,,,,,,,,,
,,,,,,,,https://www.tiktok.com/@lumei.wellness/video/7607716940752178446,,,,,,,,,,,,,,,,,,,,,,,,,,,,,,,,,,,,,,,,,
,,,,,,,,https://www.tiktok.com/@jelloskinbyava/video/7575671126051818807,,,,,,,,,,,,,,,,,,,,,,,,,,,,,,,,,,,,,,,,,
,,,,,,,,https://www.tiktok.com/@zoe__barrett/video/7628550164956908820,,,,,,,,,,,,,,,,,,,,,,,,,,,,,,,,,,,,,,,,,
,,,,,,,,https://www.tiktok.com/@its.chloeh/video/7598251568470723862,,,,,,,,,,,,,,,,,,,,,,,,,,,,,,,,,,,,,,,,,
,,,,,,,,https://www.tiktok.com/@thewellnessnotes3/video/7605824120265182494,,,,,,,,,,,,,,,,,,,,,,,,,,,,,,,,,,,,,,,,,
,,,,,,,,https://www.tiktok.com/@theeightgatesllc/video/7550474002574101790,,,,,,,,,,,,,,,,,,,,,,,,,,,,,,,,,,,,,,,,,
,,,,,,,,https://www.tiktok.com/@moonbow_skin/video/7561878668281269534,,,,,,,,,,,,,,,,,,,,,,,,,,,,,,,,,,,,,,,,,
,,,,,,,,https://www.tiktok.com/@aamnaadel/video/7591218293818658070,,,,,,,,,,,,,,,,,,,,,,,,,,,,,,,,,,,,,,,,,
,,,,,,,,https://www.tiktok.com/@lifewithmils/video/7582696342628191509,,,,,,,,,,,,,,,,,,,,,,,,,,,,,,,,,,,,,,,,,
,,,,,,,,https://www.tiktok.com/@skincarewithshelbs/video/7628708766581542157,,,,,,,,,,,,,,,,,,,,,,,,,,,,,,,,,,,,,,,,,
,,,,,,,,https://www.tiktok.com/@anibaaaby/video/7463923740393491758,,,,,,,,,,,,,,,,,,,,,,,,,,,,,,,,,,,,,,,,,
,,,,,,,,https://www.tiktok.com/@brutechoi/video/7595603520494079246,,,,,,,,,,,,,,,,,,,,,,,,,,,,,,,,,,,,,,,,,
,,,,,,,,https://www.tiktok.com/@sunnyfromsunnybread/video/7627828230719851794,,,,,,,,,,,,,,,,,,,,,,,,,,,,,,,,,,,,,,,,,
,,,,,,,,https://www.tiktok.com/@sunis.beauty.musings/video/7576580740243049759,,,,,,,,,,,,,,,,,,,,,,,,,,,,,,,,,,,,,,,,,
,,,,,,,,https://www.tiktok.com/@sydneyheinemann/video/7628764113128197389,,,,,,,,,,,,,,,,,,,,,,,,,,,,,,,,,,,,,,,,,
,,,,,,,,https://www.tiktok.com/@yohanaortizzz/video/7628311795790269727,,,,,,,,,,,,,,,,,,,,,,,,,,,,,,,,,,,,,,,,,
,,,,,,,,https://www.tiktok.com/@summercooljinny/video/7628754312671415565,,,,,,,,,,,,,,,,,,,,,,,,,,,,,,,,,,,,,,,,,
,,,,,,,,https://www.tiktok.com/@cheetounicorns/video/7531606908491418935,,,,,,,,,,,,,,,,,,,,,,,,,,,,,,,,,,,,,,,,,
,,,,,,,,https://www.tiktok.com/@freegocosmetics/video/7374538836782632234,,,,,,,,,,,,,,,,,,,,,,,,,,,,,,,,,,,,,,,,,
,,,,,,,,https://www.tiktok.com/@chopideals/video/7553287046714887479,,,,,,,,,,,,,,,,,,,,,,,,,,,,,,,,,,,,,,,,,
,,,,,,,,https://www.tiktok.com/@dahlstedtgehret/video/7627431955428117791,,,,,,,,,,,,,,,,,,,,,,,,,,,,,,,,,,,,,,,,,
,,,,,,,,https://www.tiktok.com/@asherbug1997/video/7622299571879726366,,,,,,,,,,,,,,,,,,,,,,,,,,,,,,,,,,,,,,,,,
,,,,,,,,https://www.tiktok.com/@mishaxoxoxo/video/7495746709146946858,,,,,,,,,,,,,,,,,,,,,,,,,,,,,,,,,,,,,,,,,
,,,,,,,,https://www.tiktok.com/@_jordan2finee/video/7609640138825665823,,,,,,,,,,,,,,,,,,,,,,,,,,,,,,,,,,,,,,,,,
,,,,,,,,https://www.tiktok.com/@eugene02121994/video/7254157463044230443,,,,,,,,,,,,,,,,,,,,,,,,,,,,,,,,,,,,,,,,,
,,,,,,,,https://www.tiktok.com/@alice.love.u0/video/7614342513322757389,,,,,,,,,,,,,,,,,,,,,,,,,,,,,,,,,,,,,,,,,
,,,,,,,,https://www.tiktok.com/@xenootiktokdeals/video/7621289694155853087,,,,,,,,,,,,,,,,,,,,,,,,,,,,,,,,,,,,,,,,,
,,,,,,,,https://www.tiktok.com/@yurileeeee/video/7258409107642666283,,,,,,,,,,,,,,,,,,,,,,,,,,,,,,,,,,,,,,,,,
,,,,,,,,https://www.tiktok.com/@imshannonwu/video/7450954203146505502,,,,,,,,,,,,,,,,,,,,,,,,,,,,,,,,,,,,,,,,,
,,,,,,,,https://www.tiktok.com/@terreetaughtme/video/7601367725197348110,,,,,,,,,,,,,,,,,,,,,,,,,,,,,,,,,,,,,,,,,
,,,,,,,,https://www.tiktok.com/@iloveremoo_/video/7627992716680383764,,,,,,,,,,,,,,,,,,,,,,,,,,,,,,,,,,,,,,,,,
,,,,,,,,https://www.tiktok.com/@dermangelo/video/7373310087445613866,,,,,,,,,,,,,,,,,,,,,,,,,,,,,,,,,,,,,,,,,
,,,,,,,,https://www.tiktok.com/@yurileeeee/video/7346270941162294570,,,,,,,,,,,,,,,,,,,,,,,,,,,,,,,,,,,,,,,,,
,,,,,,,,https://www.tiktok.com/@greta.cos/video/7416458310670437665,,,,,,,,,,,,,,,,,,,,,,,,,,,,,,,,,,,,,,,,,
,,,,,,,,https://www.tiktok.com/@charinecheungg/video/7374543502899776774,,,,,,,,,,,,,,,,,,,,,,,,,,,,,,,,,,,,,,,,,
,,,,,,,,https://www.tiktok.com/@bambidoesbeauty/video/7332202903932882208,,,,,,,,,,,,,,,,,,,,,,,,,,,,,,,,,,,,,,,,,
,,,,,,,,https://www.tiktok.com/@casseymichel/video/7509988046901873966,,,,,,,,,,,,,,,,,,,,,,,,,,,,,,,,,,,,,,,,,
,,,,,,,,https://www.tiktok.com/@mattrandon/video/7627182699924491542,,,,,,,,,,,,,,,,,,,,,,,,,,,,,,,,,,,,,,,,,
,,,,,,,,https://www.tiktok.com/@glowwkailin/video/7285900764671790378,,,,,,,,,,,,,,,,,,,,,,,,,,,,,,,,,,,,,,,,,
,,,,,,,,https://www.tiktok.com/@hannah.josephin/video/7598213547717348611,,,,,,,,,,,,,,,,,,,,,,,,,,,,,,,,,,,,,,,,,
,,,,,,,,https://www.tiktok.com/@elizabethkayeturner/video/7623860290995637526,,,,,,,,,,,,,,,,,,,,,,,,,,,,,,,,,,,,,,,,,
,,,,,,,,https://www.tiktok.com/@ashleecrumpton0/video/7472083332965092630,,,,,,,,,,,,,,,,,,,,,,,,,,,,,,,,,,,,,,,,,
,,,,,,,,https://www.tiktok.com/@tias.mua/video/7628724174994869526,,,,,,,,,,,,,,,,,,,,,,,,,,,,,,,,,,,,,,,,,
,,,,,,,,https://www.tiktok.com/@elizabethkayeturner/video/7628297889302777110,,,,,,,,,,,,,,,,,,,,,,,,,,,,,,,,,,,,,,,,,
,,,,,,,,https://www.tiktok.com/@reginebenavidez/video/7267483891953372421,,,,,,,,,,,,,,,,,,,,,,,,,,,,,,,,,,,,,,,,,
,,,,,,,,https://www.tiktok.com/@emchickmakeup/video/7521808298367388950,,,,,,,,,,,,,,,,,,,,,,,,,,,,,,,,,,,,,,,,,
,,,,,,,,https://www.tiktok.com/@allisonjwhalen/video/7101358293146291502,,,,,,,,,,,,,,,,,,,,,,,,,,,,,,,,,,,,,,,,,
,,,,,,,,https://www.tiktok.com/@ranavat/video/7289464839041223966,,,,,,,,,,,,,,,,,,,,,,,,,,,,,,,,,,,,,,,,,
,,,,,,,,https://www.tiktok.com/@shakti_ayurveda/video/7250954087884180779,,,,,,,,,,,,,,,,,,,,,,,,,,,,,,,,,,,,,,,,,
,,,,,,,,https://www.tiktok.com/@askayurveda/video/7619700727098658080,,,,,,,,,,,,,,,,,,,,,,,,,,,,,,,,,,,,,,,,,
,,,,,,,,https://www.tiktok.com/@dimplejangdaofficial/video/7565314595989032214,,,,,,,,,,,,,,,,,,,,,,,,,,,,,,,,,,,,,,,,,
,,,,,,,,https://www.tiktok.com/@askayurveda/video/7566542790851677472,,,,,,,,,,,,,,,,,,,,,,,,,,,,,,,,,,,,,,,,,
,,,,,,,,https://www.tiktok.com/@itskoppen/video/7160775909245504811,,,,,,,,,,,,,,,,,,,,,,,,,,,,,,,,,,,,,,,,,
,,,,,,,,https://www.tiktok.com/@ranavat/video/7272221918541909278,,,,,,,,,,,,,,,,,,,,,,,,,,,,,,,,,,,,,,,,,
,,,,,,,,https://www.tiktok.com/@theblushingdoc/video/7617898254264585494,,,,,,,,,,,,,,,,,,,,,,,,,,,,,,,,,,,,,,,,,
,,,,,,,,https://www.tiktok.com/@kirtitewani/video/7231606532281011498,,,,,,,,,,,,,,,,,,,,,,,,,,,,,,,,,,,,,,,,,
,,,,,,,,https://www.tiktok.com/@ranavat/video/7316493793350405407,,,,,,,,,,,,,,,,,,,,,,,,,,,,,,,,,,,,,,,,,
,,,,,,,,https://www.tiktok.com/@mariia_white/video/6970547631701511430,,,,,,,,,,,,,,,,,,,,,,,,,,,,,,,,,,,,,,,,,
,,,,,,,,https://www.tiktok.com/@glowjournalmamata/video/7626610116795632916,,,,,,,,,,,,,,,,,,,,,,,,,,,,,,,,,,,,,,,,,
,,,,,,,,https://www.tiktok.com/@lynnekikie/video/7539484295040208134,,,,,,,,,,,,,,,,,,,,,,,,,,,,,,,,,,,,,,,,,
,,,,,,,,https://www.tiktok.com/@drmadalyn/video/7583799617372884279,,,,,,,,,,,,,,,,,,,,,,,,,,,,,,,,,,,,,,,,,
,,,,,,,,https://www.tiktok.com/@glowjournalmamata/video/7525736387698560264,,,,,,,,,,,,,,,,,,,,,,,,,,,,,,,,,,,,,,,,,
,,,,,,,,https://www.tiktok.com/@mattrandon/video/7599321163772349718,,,,,,,,,,,,,,,,,,,,,,,,,,,,,,,,,,,,,,,,,
,,,,,,,,https://www.tiktok.com/@kayleigh_christina/video/7620943312366619917,,,,,,,,,,,,,,,,,,,,,,,,,,,,,,,,,,,,,,,,,
,,,,,,,,https://www.tiktok.com/@balancedbyliv/video/7408630862880836894,,,,,,,,,,,,,,,,,,,,,,,,,,,,,,,,,,,,,,,,,
,,,,,,,,https://www.tiktok.com/@jujubenne/video/7320210781855878407,,,,,,,,,,,,,,,,,,,,,,,,,,,,,,,,,,,,,,,,,
,,,,,,,,https://www.tiktok.com/@soramichellee/video/7436632787538431274,,,,,,,,,,,,,,,,,,,,,,,,,,,,,,,,,,,,,,,,,
,,,,,,,,https://www.tiktok.com/@alexisdimaya/video/7592702431914396958,,,,,,,,,,,,,,,,,,,,,,,,,,,,,,,,,,,,,,,,,
,,,,,,,,https://www.tiktok.com/@drjennyliu/video/7566998575574453517,,,,,,,,,,,,,,,,,,,,,,,,,,,,,,,,,,,,,,,,,
,,,,,,,,https://www.tiktok.com/@kbeautybestsellers/video/7542894168239115527,,,,,,,,,,,,,,,,,,,,,,,,,,,,,,,,,,,,,,,,,
,,,,,,,,https://www.tiktok.com/@likeskin/video/7208915494454299910,,,,,,,,,,,,,,,,,,,,,,,,,,,,,,,,,,,,,,,,,
,,,,,,,,https://www.tiktok.com/@milktea.meg/video/7213891209922710830,,,,,,,,,,,,,,,,,,,,,,,,,,,,,,,,,,,,,,,,,
,,,,,,,,https://www.tiktok.com/@kellybellyy02/video/7527759014478859528,,,,,,,,,,,,,,,,,,,,,,,,,,,,,,,,,,,,,,,,,
,,,,,,,,https://www.tiktok.com/@mia291958/video/7571209213720972599,,,,,,,,,,,,,,,,,,,,,,,,,,,,,,,,,,,,,,,,,
,,,,,,,,https://www.tiktok.com/@byfeliciaip/video/7628653488020393247,,,,,,,,,,,,,,,,,,,,,,,,,,,,,,,,,,,,,,,,,
,,,,,,,,https://www.tiktok.com/@jaimesskin/video/7374840329847016746,,,,,,,,,,,,,,,,,,,,,,,,,,,,,,,,,,,,,,,,,
,,,,,,,,https://www.tiktok.com/@jaimesskin/video/7604919531236019470,,,,,,,,,,,,,,,,,,,,,,,,,,,,,,,,,,,,,,,,,
,,,,,,,,https://www.tiktok.com/@yourmategingerkate/video/7326970137607687457,,,,,,,,,,,,,,,,,,,,,,,,,,,,,,,,,,,,,,,,,
,,,,,,,,https://www.tiktok.com/@emselement/video/7381928724301761834,,,,,,,,,,,,,,,,,,,,,,,,,,,,,,,,,,,,,,,,,
,,,,,,,,https://www.tiktok.com/@jaimesskin/video/7594162464544050446,,,,,,,,,,,,,,,,,,,,,,,,,,,,,,,,,,,,,,,,,
,,,,,,,,https://www.tiktok.com/@healthlybite/video/7598972778716368150,,,,,,,,,,,,,,,,,,,,,,,,,,,,,,,,,,,,,,,,,
,,,,,,,,https://www.tiktok.com/@edenbased/video/7564875225695915319,,,,,,,,,,,,,,,,,,,,,,,,,,,,,,,,,,,,,,,,,
,,,,,,,,https://www.tiktok.com/@caribbeanskinqueen/video/7425823595093429546,,,,,,,,,,,,,,,,,,,,,,,,,,,,,,,,,,,,,,,,,
,,,,,,,,https://www.tiktok.com/@hudorganics/video/6980163122346593541,,,,,,,,,,,,,,,,,,,,,,,,,,,,,,,,,,,,,,,,,
,,,,,,,,https://www.tiktok.com/@maggieroseadvocate/video/7397824926897474859,,,,,,,,,,,,,,,,,,,,,,,,,,,,,,,,,,,,,,,,,
,,,,,,,,https://www.tiktok.com/@furyskinfacts/video/7628490090192391438,,,,,,,,,,,,,,,,,,,,,,,,,,,,,,,,,,,,,,,,,
,,,,,,,,https://www.tiktok.com/@marika.0.0/video/7628615156372655373,,,,,,,,,,,,,,,,,,,,,,,,,,,,,,,,,,,,,,,,,
,,,,,,,,https://www.tiktok.com/@leeskincare7/video/7628633318157733138,,,,,,,,,,,,,,,,,,,,,,,,,,,,,,,,,,,,,,,,,
,,,,,,,,https://www.tiktok.com/@furyskinfacts/video/7624678508664507662,,,,,,,,,,,,,,,,,,,,,,,,,,,,,,,,,,,,,,,,,
,,,,,,,,https://www.tiktok.com/@fatimavsb/video/7626393946356190497,,,,,,,,,,,,,,,,,,,,,,,,,,,,,,,,,,,,,,,,,
,,,,,,,,https://www.tiktok.com/@mariamkaarshe/video/7628174072928685334,,,,,,,,,,,,,,,,,,,,,,,,,,,,,,,,,,,,,,,,,
,,,,,,,,https://www.tiktok.com/@albinasglam/video/7628299787464412437,,,,,,,,,,,,,,,,,,,,,,,,,,,,,,,,,,,,,,,,,
,,,,,,,,https://www.tiktok.com/@yuzi.kpharmacist/video/7619105812178357517,,,,,,,,,,,,,,,,,,,,,,,,,,,,,,,,,,,,,,,,,
,,,,,,,,https://www.tiktok.com/@skinorea/video/7487557762457537814,,,,,,,,,,,,,,,,,,,,,,,,,,,,,,,,,,,,,,,,,
,,,,,,,,https://www.tiktok.com/@talabitwins/video/7628476757875657992,,,,,,,,,,,,,,,,,,,,,,,,,,,,,,,,,,,,,,,,,
,,,,,,,,https://www.tiktok.com/@_justemela_/video/7272950974120037675,,,,,,,,,,,,,,,,,,,,,,,,,,,,,,,,,,,,,,,,,
,,,,,,,,https://www.tiktok.com/@jodyjems/video/7391600243877498143,,,,,,,,,,,,,,,,,,,,,,,,,,,,,,,,,,,,,,,,,
,,,,,,,,https://www.tiktok.com/@remediesancient/video/7425308477628615982,,,,,,,,,,,,,,,,,,,,,,,,,,,,,,,,,,,,,,,,,
,,,,,,,,https://www.tiktok.com/@the_real_chi_/video/7609023515429260574,,,,,,,,,,,,,,,,,,,,,,,,,,,,,,,,,,,,,,,,,
,,,,,,,,https://www.tiktok.com/@bellanomiskincare/video/7290295719901039915,,,,,,,,,,,,,,,,,,,,,,,,,,,,,,,,,,,,,,,,,
,,,,,,,,https://www.tiktok.com/@phdinwaves/video/7592388157870558495,,,,,,,,,,,,,,,,,,,,,,,,,,,,,,,,,,,,,,,,,
,,,,,,,,https://www.tiktok.com/@toritalking/video/7284853417632107806,,,,,,,,,,,,,,,,,,,,,,,,,,,,,,,,,,,,,,,,,
,,,,,,,,https://www.tiktok.com/@nokwareskincare/video/7436319496215809326,,,,,,,,,,,,,,,,,,,,,,,,,,,,,,,,,,,,,,,,,
,,,,,,,,https://www.tiktok.com/@kuothwiel/video/7209023656440253742,,,,,,,,,,,,,,,,,,,,,,,,,,,,,,,,,,,,,,,,,
,,,,,,,,https://www.tiktok.com/@karringtonlawson_/video/7376038480046066986,,,,,,,,,,,,,,,,,,,,,,,,,,,,,,,,,,,,,,,,,
,,,,,,,,https://www.tiktok.com/@robertwblove/video/7401320818069802282,,,,,,,,,,,,,,,,,,,,,,,,,,,,,,,,,,,,,,,,,
,,,,,,,,https://www.tiktok.com/@drbergofficial/video/7571553602079165727,,,,,,,,,,,,,,,,,,,,,,,,,,,,,,,,,,,,,,,,,
,,,,,,,,https://www.tiktok.com/@drbergofficial/video/7522917798155210014,,,,,,,,,,,,,,,,,,,,,,,,,,,,,,,,,,,,,,,,,
,,,,,,,,https://www.tiktok.com/@maggieroseadvocate/video/7185940222390144299,,,,,,,,,,,,,,,,,,,,,,,,,,,,,,,,,,,,,,,,,
,,,,,,,,https://www.tiktok.com/@melaniesandford18/video/7608637713842982174,,,,,,,,,,,,,,,,,,,,,,,,,,,,,,,,,,,,,,,,,
,,,,,,,,https://www.tiktok.com/@drbergofficial/video/7593081545406172446,,,,,,,,,,,,,,,,,,,,,,,,,,,,,,,,,,,,,,,,,
,,,,,,,,https://www.tiktok.com/@drjencaudle/video/7484091164564540702,,,,,,,,,,,,,,,,,,,,,,,,,,,,,,,,,,,,,,,,,
,,,,,,,,https://www.tiktok.com/@melaniesandford18/video/7237953208583245098,,,,,,,,,,,,,,,,,,,,,,,,,,,,,,,,,,,,,,,,,
,,,,,,,,https://www.tiktok.com/@maggieroseadvocate/video/7196328467439324459,,,,,,,,,,,,,,,,,,,,,,,,,,,,,,,,,,,,,,,,,
,,,,,,,,https://www.tiktok.com/@melaniesandford18/video/7515603118453706015,,,,,,,,,,,,,,,,,,,,,,,,,,,,,,,,,,,,,,,,,
,,,,,,,,https://www.tiktok.com/@kirtitewani/video/7397061133363907870,,,,,,,,,,,,,,,,,,,,,,,,,,,,,,,,,,,,,,,,,
,,,,,,,,https://www.tiktok.com/@tharushay30/video/7000026933102726427,,,,,,,,,,,,,,,,,,,,,,,,,,,,,,,,,,,,,,,,,
,,,,,,,,https://www.tiktok.com/@rabiabeautytips/video/7267209329655221509,,,,,,,,,,,,,,,,,,,,,,,,,,,,,,,,,,,,,,,,,
,,,,,,,,https://www.tiktok.com/@binitaregmi60/video/7598883646241541384,,,,,,,,,,,,,,,,,,,,,,,,,,,,,,,,,,,,,,,,,
,,,,,,,,https://www.tiktok.com/@binitaregmi60/video/7596315166329900296,,,,,,,,,,,,,,,,,,,,,,,,,,,,,,,,,,,,,,,,,
,,,,,,,,https://www.tiktok.com/@embraceneem/video/7415843871994711326,,,,,,,,,,,,,,,,,,,,,,,,,,,,,,,,,,,,,,,,,
,,,,,,,,https://www.tiktok.com/@thebrown_skin.stories/video/7496579538890083589,,,,,,,,,,,,,,,,,,,,,,,,,,,,,,,,,,,,,,,,,
,,,,,,,,https://www.tiktok.com/@veeraayurveda/video/7624140629928316167,,,,,,,,,,,,,,,,,,,,,,,,,,,,,,,,,,,,,,,,,
,,,,,,,,https://www.tiktok.com/@eliyahmashiach2/video/7428015465357741318,,,,,,,,,,,,,,,,,,,,,,,,,,,,,,,,,,,,,,,,,
,,,,,,,,https://www.tiktok.com/@gloria.home.of.skills/video/7565780052974112022,,,,,,,,,,,,,,,,,,,,,,,,,,,,,,,,,,,,,,,,,
,,,,,,,,https://www.tiktok.com/@selina.dasilvaaa/video/7580866715555204374,,,,,,,,,,,,,,,,,,,,,,,,,,,,,,,,,,,,,,,,,
,,,,,,,,https://www.tiktok.com/@drjennyliu/video/7299635185677503787,,,,,,,,,,,,,,,,,,,,,,,,,,,,,,,,,,,,,,,,,
,,,,,,,,https://www.tiktok.com/@medy__yeshu/video/7609061466490113302,,,,,,,,,,,,,,,,,,,,,,,,,,,,,,,,,,,,,,,,,
,,,,,,,,https://www.tiktok.com/@tamsskyn/video/7242383526920949038,,,,,,,,,,,,,,,,,,,,,,,,,,,,,,,,,,,,,,,,,
,,,,,,,,https://www.tiktok.com/@sunnysideuptv/video/7321143546193497387,,,,,,,,,,,,,,,,,,,,,,,,,,,,,,,,,,,,,,,,,
,,,,,,,,https://www.tiktok.com/@hannah.oh.kr/video/7624973579255434527,,,,,,,,,,,,,,,,,,,,,,,,,,,,,,,,,,,,,,,,,
,,,,,,,,https://www.tiktok.com/@dr.ljmaxfield/video/7244306123510041902,,,,,,,,,,,,,,,,,,,,,,,,,,,,,,,,,,,,,,,,,
,,,,,,,,https://www.tiktok.com/@jaimesskin/video/7314787291283737886,,,,,,,,,,,,,,,,,,,,,,,,,,,,,,,,,,,,,,,,,
,,,,,,,,https://www.tiktok.com/@mamalindacooks/video/7262158698666118443,,,,,,,,,,,,,,,,,,,,,,,,,,,,,,,,,,,,,,,,,
,,,,,,,,https://www.tiktok.com/@trinhgeorg/video/7254184780831509786,,,,,,,,,,,,,,,,,,,,,,,,,,,,,,,,,,,,,,,,,
,,,,,,,,https://www.tiktok.com/@grace.walk.farm/video/7429515106372881710,,,,,,,,,,,,,,,,,,,,,,,,,,,,,,,,,,,,,,,,,
,,,,,,,,https://www.tiktok.com/@gardeninginsideout/video/7606647819117677855,,,,,,,,,,,,,,,,,,,,,,,,,,,,,,,,,,,,,,,,,
,,,,,,,,https://www.tiktok.com/@lavietea.co/video/7447578706979310894,,,,,,,,,,,,,,,,,,,,,,,,,,,,,,,,,,,,,,,,,
,,,,,,,,https://www.tiktok.com/@averyapothecary/video/7313345818457656618,,,,,,,,,,,,,,,,,,,,,,,,,,,,,,,,,,,,,,,,,
,,,,,,,,https://www.tiktok.com/@lavietea.co/video/7586749010803756318,,,,,,,,,,,,,,,,,,,,,,,,,,,,,,,,,,,,,,,,,
,,,,,,,,https://www.tiktok.com/@raquelinacioo/video/7463424714132720902,,,,,,,,,,,,,,,,,,,,,,,,,,,,,,,,,,,,,,,,,
,,,,,,,,https://www.tiktok.com/@euphoricxvibrated/video/7614735951868349710,,,,,,,,,,,,,,,,,,,,,,,,,,,,,,,,,,,,,,,,,
,,,,,,,,https://www.tiktok.com/@eliyahmashiach2/video/7557332483872787723,,,,,,,,,,,,,,,,,,,,,,,,,,,,,,,,,,,,,,,,,
,,,,,,,,https://www.tiktok.com/@lavietea.co/video/7616043308317560094,,,,,,,,,,,,,,,,,,,,,,,,,,,,,,,,,,,,,,,,,
,,,,,,,,https://www.tiktok.com/@moderngrandma_/video/7628667110213897486,,,,,,,,,,,,,,,,,,,,,,,,,,,,,,,,,,,,,,,,,
,,,,,,,,https://www.tiktok.com/@camy.hati/video/7335846175565679880,,,,,,,,,,,,,,,,,,,,,,,,,,,,,,,,,,,,,,,,,
,,,,,,,,https://www.tiktok.com/@aamnaadel/video/7223086439175638277,,,,,,,,,,,,,,,,,,,,,,,,,,,,,,,,,,,,,,,,,
,,,,,,,,https://www.tiktok.com/@stephbeautyclinic/video/7222720010332966150,,,,,,,,,,,,,,,,,,,,,,,,,,,,,,,,,,,,,,,,,
,,,,,,,,https://www.tiktok.com/@jaimesskin/video/7373406585957125422,,,,,,,,,,,,,,,,,,,,,,,,,,,,,,,,,,,,,,,,,
,,,,,,,,https://www.tiktok.com/@shaplaa11/video/6929980652427283717,,,,,,,,,,,,,,,,,,,,,,,,,,,,,,,,,,,,,,,,,
,,,,,,,,https://www.tiktok.com/@dermdoctor/video/6835088075429842182,,,,,,,,,,,,,,,,,,,,,,,,,,,,,,,,,,,,,,,,,
,,,,,,,,https://www.tiktok.com/@life_ledger/video/7595600154963528982,,,,,,,,,,,,,,,,,,,,,,,,,,,,,,,,,,,,,,,,,
,,,,,,,,https://www.tiktok.com/@sarikakafle3/video/7602617205687192839,,,,,,,,,,,,,,,,,,,,,,,,,,,,,,,,,,,,,,,,,
,,,,,,,,https://www.tiktok.com/@anci.social/video/7369971568757214506,,,,,,,,,,,,,,,,,,,,,,,,,,,,,,,,,,,,,,,,,
,,,,,,,,https://www.tiktok.com/@jaimesskin/video/7273935012842442026,,,,,,,,,,,,,,,,,,,,,,,,,,,,,,,,,,,,,,,,,
,,,,,,,,https://www.tiktok.com/@dermangelo/video/7361900072893730091,,,,,,,,,,,,,,,,,,,,,,,,,,,,,,,,,,,,,,,,,
,,,,,,,,https://www.tiktok.com/@hannah.josephin/video/7439472765884812566,,,,,,,,,,,,,,,,,,,,,,,,,,,,,,,,,,,,,,,,,
,,,,,,,,https://www.tiktok.com/@lexijjenkinson/video/7527005708777278742,,,,,,,,,,,,,,,,,,,,,,,,,,,,,,,,,,,,,,,,,
,,,,,,,,https://www.tiktok.com/@trishakasi/video/7626659016445381910,,,,,,,,,,,,,,,,,,,,,,,,,,,,,,,,,,,,,,,,,
,,,,,,,,https://www.tiktok.com/@oliviaaeemily/video/7628677688407919894,,,,,,,,,,,,,,,,,,,,,,,,,,,,,,,,,,,,,,,,,
,,,,,,,,https://www.tiktok.com/@maddimccormack/video/7625755300489858326,,,,,,,,,,,,,,,,,,,,,,,,,,,,,,,,,,,,,,,,,
,,,,,,,,https://www.tiktok.com/@teamacneofficial/video/7334809785994333482,,,,,,,,,,,,,,,,,,,,,,,,,,,,,,,,,,,,,,,,,
,,,,,,,,https://www.tiktok.com/@iforeveryng/video/7104169422209830170,,,,,,,,,,,,,,,,,,,,,,,,,,,,,,,,,,,,,,,,,
,,,,,,,,https://www.tiktok.com/@beautifulyou_tips/video/7515779086900350215,,,,,,,,,,,,,,,,,,,,,,,,,,,,,,,,,,,,,,,,,
,,,,,,,,https://www.tiktok.com/@momo.sahoo/video/7182287659824336170,,,,,,,,,,,,,,,,,,,,,,,,,,,,,,,,,,,,,,,,,
,,,,,,,,https://www.tiktok.com/@manalranjha/video/7061292956183022854,,,,,,,,,,,,,,,,,,,,,,,,,,,,,,,,,,,,,,,,,
,,,,,,,,https://www.tiktok.com/@sanjureddyyyy/video/7517681153587940664,,,,,,,,,,,,,,,,,,,,,,,,,,,,,,,,,,,,,,,,,
,,,,,,,,https://www.tiktok.com/@browngirlinuk1999/video/7575644301128994070,,,,,,,,,,,,,,,,,,,,,,,,,,,,,,,,,,,,,,,,,
,,,,,,,,https://www.tiktok.com/@ummehaanikitchen/video/7554033990630378774,,,,,,,,,,,,,,,,,,,,,,,,,,,,,,,,,,,,,,,,,
,,,,,,,,https://www.tiktok.com/@parulkhuranadhanwal/video/7213171047619710210,,,,,,,,,,,,,,,,,,,,,,,,,,,,,,,,,,,,,,,,,
,,,,,,,,https://www.tiktok.com/@ayeshaaqeel350/video/7435721293112053010,,,,,,,,,,,,,,,,,,,,,,,,,,,,,,,,,,,,,,,,,
,,,,,,,,https://www.tiktok.com/@yumydustrepost2/video/7246452397382323461,,,,,,,,,,,,,,,,,,,,,,,,,,,,,,,,,,,,,,,,,
,,,,,,,,https://www.tiktok.com/@elizabethkayeturner/video/7508824445197241622,,,,,,,,,,,,,,,,,,,,,,,,,,,,,,,,,,,,,,,,,
,,,,,,,,https://www.tiktok.com/@lilly.tavarez/video/7624671857190374687,,,,,,,,,,,,,,,,,,,,,,,,,,,,,,,,,,,,,,,,,
,,,,,,,,https://www.tiktok.com/@itsmelissacampuzano/video/7598001527076293901,,,,,,,,,,,,,,,,,,,,,,,,,,,,,,,,,,,,,,,,,
,,,,,,,,https://www.tiktok.com/@misspeytonsmith/video/7562849482392521991,,,,,,,,,,,,,,,,,,,,,,,,,,,,,,,,,,,,,,,,,
,,,,,,,,https://www.tiktok.com/@elizabethkayeturner/video/7444272332459216160,,,,,,,,,,,,,,,,,,,,,,,,,,,,,,,,,,,,,,,,,
,,,,,,,,https://www.tiktok.com/@taontm/video/7625633612309728542,,,,,,,,,,,,,,,,,,,,,,,,,,,,,,,,,,,,,,,,,
,,,,,,,,https://www.tiktok.com/@mikkzazon/video/6863128323514518789,,,,,,,,,,,,,,,,,,,,,,,,,,,,,,,,,,,,,,,,,
,,,,,,,,https://www.tiktok.com/@breelenehan/video/7275686759986433288,,,,,,,,,,,,,,,,,,,,,,,,,,,,,,,,,,,,,,,,,
,,,,,,,,https://www.tiktok.com/@jazlmao/video/7163533336823024942,,,,,,,,,,,,,,,,,,,,,,,,,,,,,,,,,,,,,,,,,
,,,,,,,,https://www.tiktok.com/@its.shinyhere/video/7381880822179073323,,,,,,,,,,,,,,,,,,,,,,,,,,,,,,,,,,,,,,,,,
,,,,,,,,https://www.tiktok.com/@flawless.byfreya/video/7580361092887563542,,,,,,,,,,,,,,,,,,,,,,,,,,,,,,,,,,,,,,,,,
,,,,,,,,https://www.tiktok.com/@erin.wilsonnnn/video/7398659790647414048,,,,,,,,,,,,,,,,,,,,,,,,,,,,,,,,,,,,,,,,,
,,,,,,,,https://www.tiktok.com/@doctoryoun/video/6845019284322667782,,,,,,,,,,,,,,,,,,,,,,,,,,,,,,,,,,,,,,,,,
,,,,,,,,https://www.tiktok.com/@drspf/video/6933279121783016709,,,,,,,,,,,,,,,,,,,,,,,,,,,,,,,,,,,,,,,,,
,,,,,,,,https://www.tiktok.com/@drsamanthaellis/video/7269941309920546094,,,,,,,,,,,,,,,,,,,,,,,,,,,,,,,,,,,,,,,,,
,,,,,,,,https://www.tiktok.com/@denverskindoc/video/7038712913900621103,,,,,,,,,,,,,,,,,,,,,,,,,,,,,,,,,,,,,,,,,
,,,,,,,,https://www.tiktok.com/@dr.zionko/video/6902056989883370757,,,,,,,,,,,,,,,,,,,,,,,,,,,,,,,,,,,,,,,,,
,,,,,,,,https://www.tiktok.com/@daelablack/video/7497428679941754143,,,,,,,,,,,,,,,,,,,,,,,,,,,,,,,,,,,,,,,,,
,,,,,,,,https://www.tiktok.com/@glowwithava/video/7104429543204588843,,,,,,,,,,,,,,,,,,,,,,,,,,,,,,,,,,,,,,,,,
,,,,,,,,https://www.tiktok.com/@rudiberry/video/6948071280742632709,,,,,,,,,,,,,,,,,,,,,,,,,,,,,,,,,,,,,,,,,
,,,,,,,,https://www.tiktok.com/@drpimplepopper/video/6963408993431588102,,,,,,,,,,,,,,,,,,,,,,,,,,,,,,,,,,,,,,,,,
,,,,,,,,https://www.tiktok.com/@wendyskin/video/7062371060997623086,,,,,,,,,,,,,,,,,,,,,,,,,,,,,,,,,,,,,,,,,
,,,,,,,,https://www.tiktok.com/@loganwalter05/video/7575388717259427102,,,,,,,,,,,,,,,,,,,,,,,,,,,,,,,,,,,,,,,,,
,,,,,,,,https://www.tiktok.com/@createwithrylee/video/7567537233973054733,,,,,,,,,,,,,,,,,,,,,,,,,,,,,,,,,,,,,,,,,
,,,,,,,,https://www.tiktok.com/@dermdoctor/video/7488520966553783583,,,,,,,,,,,,,,,,,,,,,,,,,,,,,,,,,,,,,,,,,
,,,,,,,,https://www.tiktok.com/@rachelheheh/video/7580778465012485384,,,,,,,,,,,,,,,,,,,,,,,,,,,,,,,,,,,,,,,,,
,,,,,,,,https://www.tiktok.com/@mayaya.kimmm/video/7601901231023443220,,,,,,,,,,,,,,,,,,,,,,,,,,,,,,,,,,,,,,,,,
,,,,,,,,https://www.tiktok.com/@tommyvnguyennn/video/7623646866009312543,,,,,,,,,,,,,,,,,,,,,,,,,,,,,,,,,,,,,,,,,
,,,,,,,,https://www.tiktok.com/@shakeel.murtaza/video/7574864724907625750,,,,,,,,,,,,,,,,,,,,,,,,,,,,,,,,,,,,,,,,,
,,,,,,,,https://www.tiktok.com/@carolinehannibal/video/7551710387058527510,,,,,,,,,,,,,,,,,,,,,,,,,,,,,,,,,,,,,,,,,
,,,,,,,,https://www.tiktok.com/@jasontbrooks4/video/7610253608180845838,,,,,,,,,,,,,,,,,,,,,,,,,,,,,,,,,,,,,,,,,
,,,,,,,,https://www.tiktok.com/@drdustinportela/video/7406444399133068575,,,,,,,,,,,,,,,,,,,,,,,,,,,,,,,,,,,,,,,,,
,,,,,,,,https://www.tiktok.com/@dermdoctor/video/7008307186996710661,,,,,,,,,,,,,,,,,,,,,,,,,,,,,,,,,,,,,,,,,
,,,,,,,,https://www.tiktok.com/@shereeneidriss/video/7426413961223982378,,,,,,,,,,,,,,,,,,,,,,,,,,,,,,,,,,,,,,,,,
,,,,,,,,https://www.tiktok.com/@sparklesandskin/video/7594906194972609814,,,,,,,,,,,,,,,,,,,,,,,,,,,,,,,,,,,,,,,,,
,,,,,,,,https://www.tiktok.com/@illaalvarez/video/7579617996902010132,,,,,,,,,,,,,,,,,,,,,,,,,,,,,,,,,,,,,,,,,
,,,,,,,,https://www.tiktok.com/@tiananotsoyoung/video/7441747809553878302,,,,,,,,,,,,,,,,,,,,,,,,,,,,,,,,,,,,,,,,,
,,,,,,,,https://www.tiktok.com/@shereeneidriss/video/7421548172289264938,,,,,,,,,,,,,,,,,,,,,,,,,,,,,,,,,,,,,,,,,
,,,,,,,,https://www.tiktok.com/@drtiapaul/video/7240967684626697518,,,,,,,,,,,,,,,,,,,,,,,,,,,,,,,,,,,,,,,,,
,,,,,,,,https://www.tiktok.com/@tiananotsoyoung/video/7628030884624583967,,,,,,,,,,,,,,,,,,,,,,,,,,,,,,,,,,,,,,,,,
,,,,,,,,https://www.tiktok.com/@remedy.skin/video/7559309469729951006,,,,,,,,,,,,,,,,,,,,,,,,,,,,,,,,,,,,,,,,,
,,,,,,,,https://www.tiktok.com/@sohnime/video/7598550858661596423,,,,,,,,,,,,,,,,,,,,,,,,,,,,,,,,,,,,,,,,,
,,,,,,,,https://www.tiktok.com/@livvvmarkley/video/7344136218159992094,,,,,,,,,,,,,,,,,,,,,,,,,,,,,,,,,,,,,,,,,
,,,,,,,,https://www.tiktok.com/@lucaswoodofficial/video/7621225499066420500,,,,,,,,,,,,,,,,,,,,,,,,,,,,,,,,,,,,,,,,,
,,,,,,,,https://www.tiktok.com/@dr.mekderma/video/7562566749539863830,,,,,,,,,,,,,,,,,,,,,,,,,,,,,,,,,,,,,,,,,
,,,,,,,,https://www.tiktok.com/@thesecondthoughtofficial/video/7622000731620511007,,,,,,,,,,,,,,,,,,,,,,,,,,,,,,,,,,,,,,,,,
,,,,,,,,https://www.tiktok.com/@curaskinapp/video/7624564496882765078,,,,,,,,,,,,,,,,,,,,,,,,,,,,,,,,,,,,,,,,,
,,,,,,,,https://www.tiktok.com/@chanilove94/video/7534924969059372318,,,,,,,,,,,,,,,,,,,,,,,,,,,,,,,,,,,,,,,,,
,,,,,,,,https://www.tiktok.com/@medsri/video/7539591511437102358,,,,,,,,,,,,,,,,,,,,,,,,,,,,,,,,,,,,,,,,,
,,,,,,,,https://www.tiktok.com/@watermelonsugarskin/video/7571837601036913923,,,,,,,,,,,,,,,,,,,,,,,,,,,,,,,,,,,,,,,,,
,,,,,,,,https://www.tiktok.com/@jacksskincare/video/7351770108349500702,,,,,,,,,,,,,,,,,,,,,,,,,,,,,,,,,,,,,,,,,
,,,,,,,,https://www.tiktok.com/@dr.mamina/video/7252030777548983598,,,,,,,,,,,,,,,,,,,,,,,,,,,,,,,,,,,,,,,,,
,,,,,,,,https://www.tiktok.com/@dermangelo/video/7380739278550076715,,,,,,,,,,,,,,,,,,,,,,,,,,,,,,,,,,,,,,,,,
,,,,,,,,https://www.tiktok.com/@dermdoctor/video/7169678666740272426,,,,,,,,,,,,,,,,,,,,,,,,,,,,,,,,,,,,,,,,,
,,,,,,,,https://www.tiktok.com/@skinbydrazi/video/6920286891753409797,,,,,,,,,,,,,,,,,,,,,,,,,,,,,,,,,,,,,,,,,
,,,,,,,,https://www.tiktok.com/@drdrayzday/video/7478109858772897066,,,,,,,,,,,,,,,,,,,,,,,,,,,,,,,,,,,,,,,,,
,,,,,,,,https://www.tiktok.com/@7cristinarenee/video/7488106762726378798,,,,,,,,,,,,,,,,,,,,,,,,,,,,,,,,,,,,,,,,,
,,,,,,,,https://www.tiktok.com/@balancedbeautylover/video/7436842750080830766,,,,,,,,,,,,,,,,,,,,,,,,,,,,,,,,,,,,,,,,,
,,,,,,,,https://www.tiktok.com/@yagirlgabby_/video/7465866269091319082,,,,,,,,,,,,,,,,,,,,,,,,,,,,,,,,,,,,,,,,,
,,,,,,,,https://www.tiktok.com/@dermfriends/video/7220765443219262763,,,,,,,,,,,,,,,,,,,,,,,,,,,,,,,,,,,,,,,,,
,,,,,,,,https://www.tiktok.com/@herkimermountain/video/7628800986219433247,,,,,,,,,,,,,,,,,,,,,,,,,,,,,,,,,,,,,,,,,
,,,,,,,,https://www.tiktok.com/@dailyclipshq/video/7087648549323705605,,,,,,,,,,,,,,,,,,,,,,,,,,,,,,,,,,,,,,,,,
,,,,,,,,https://www.tiktok.com/@drabduldalghous/video/7447177820716993825,,,,,,,,,,,,,,,,,,,,,,,,,,,,,,,,,,,,,,,,,
,,,,,,,,https://www.tiktok.com/@nikkilatoya/video/7591256820354714911,,,,,,,,,,,,,,,,,,,,,,,,,,,,,,,,,,,,,,,,,
,,,,,,,,https://www.tiktok.com/@stynalane/video/7628758043118947597,,,,,,,,,,,,,,,,,,,,,,,,,,,,,,,,,,,,,,,,,
,,,,,,,,https://www.tiktok.com/@attkfw01845/video/7628801658453003550,,,,,,,,,,,,,,,,,,,,,,,,,,,,,,,,,,,,,,,,,
,,,,,,,,https://www.tiktok.com/@vortexlab/video/7628630850367704353,,,,,,,,,,,,,,,,,,,,,,,,,,,,,,,,,,,,,,,,,
,,,,,,,,https://www.tiktok.com/@vt/video/7411572170414984480,,,,,,,,,,,,,,,,,,,,,,,,,,,,,,,,,,,,,,,,,
,,,,,,,,https://www.tiktok.com/@jojoasmr/video/7262157605605248257,,,,,,,,,,,,,,,,,,,,,,,,,,,,,,,,,,,,,,,,,
,,,,,,,,https://www.tiktok.com/@jadakennedylive/video/7398553657664408875,,,,,,,,,,,,,,,,,,,,,,,,,,,,,,,,,,,,,,,,,
,,,,,,,,https://www.tiktok.com/@bunnyhedaya/video/7354520065053756718,,,,,,,,,,,,,,,,,,,,,,,,,,,,,,,,,,,,,,,,,
,,,,,,,,https://www.tiktok.com/@televisionappreciation/video/7628607053002509581,,,,,,,,,,,,,,,,,,,,,,,,,,,,,,,,,,,,,,,,,
,,,,,,,,https://www.tiktok.com/@fruitlver/video/7628718479763328286,,,,,,,,,,,,,,,,,,,,,,,,,,,,,,,,,,,,,,,,,
,,,,,,,,https://www.tiktok.com/@definitelynotzillion/video/7628738821529668877,,,,,,,,,,,,,,,,,,,,,,,,,,,,,,,,,,,,,,,,,
,,,,,,,,https://www.tiktok.com/@streameruniversitynews/video/7541228298471279903,,,,,,,,,,,,,,,,,,,,,,,,,,,,,,,,,,,,,,,,,
,,,,,,,,https://www.tiktok.com/@caitasmrofficial/video/7423324054792260910,,,,,,,,,,,,,,,,,,,,,,,,,,,,,,,,,,,,,,,,,
,,,,,,,,https://www.tiktok.com/@aiyoushows/video/7575231506352852254,,,,,,,,,,,,,,,,,,,,,,,,,,,,,,,,,,,,,,,,,
,,,,,,,,https://www.tiktok.com/@noahspimples/video/7014669380222979334,,,,,,,,,,,,,,,,,,,,,,,,,,,,,,,,,,,,,,,,,
,,,,,,,,https://www.tiktok.com/@dewylouie/video/7416882493107866922,,,,,,,,,,,,,,,,,,,,,,,,,,,,,,,,,,,,,,,,,
,,,,,,,,https://www.tiktok.com/@drjoe_md/video/7613579907674787102,,,,,,,,,,,,,,,,,,,,,,,,,,,,,,,,,,,,,,,,,
,,,,,,,,https://www.tiktok.com/@dr_ingky/video/7618950754287504661,,,,,,,,,,,,,,,,,,,,,,,,,,,,,,,,,,,,,,,,,
,,,,,,,,https://www.tiktok.com/@dr.farzan/video/6985120710687526146,,,,,,,,,,,,,,,,,,,,,,,,,,,,,,,,,,,,,,,,,
,,,,,,,,https://www.tiktok.com/@drdrayzday/video/6985281514217032966,,,,,,,,,,,,,,,,,,,,,,,,,,,,,,,,,,,,,,,,,
,,,,,,,,https://www.tiktok.com/@violetasglow/video/7084694658646953258,,,,,,,,,,,,,,,,,,,,,,,,,,,,,,,,,,,,,,,,,
,,,,,,,,https://www.tiktok.com/@sunnyfromsunnybread/video/7608750360936680722,,,,,,,,,,,,,,,,,,,,,,,,,,,,,,,,,,,,,,,,,
,,,,,,,,https://www.tiktok.com/@sunnyfromsunnybread/video/7610992830516825352,,,,,,,,,,,,,,,,,,,,,,,,,,,,,,,,,,,,,,,,,
,,,,,,,,https://www.tiktok.com/@noheymi23/video/7628506637048745229,,,,,,,,,,,,,,,,,,,,,,,,,,,,,,,,,,,,,,,,,
,,,,,,,,https://www.tiktok.com/@chelszieah/video/7621957505941310728,,,,,,,,,,,,,,,,,,,,,,,,,,,,,,,,,,,,,,,,,
,,,,,,,,https://www.tiktok.com/@juliayuro/video/7601309837267438878,,,,,,,,,,,,,,,,,,,,,,,,,,,,,,,,,,,,,,,,,
,,,,,,,,https://www.tiktok.com/@noheymi23/video/7628931684045475086,,,,,,,,,,,,,,,,,,,,,,,,,,,,,,,,,,,,,,,,,
,,,,,,,,https://www.tiktok.com/@oozeandahs/video/7628833876567133461,,,,,,,,,,,,,,,,,,,,,,,,,,,,,,,,,,,,,,,,,
,,,,,,,,https://www.tiktok.com/@mikaylarob/video/7628801863760071949,,,,,,,,,,,,,,,,,,,,,,,,,,,,,,,,,,,,,,,,,
,,,,,,,,https://www.tiktok.com/@elenaduquebeauty/video/7628812758598929677,,,,,,,,,,,,,,,,,,,,,,,,,,,,,,,,,,,,,,,,,
,,,,,,,,https://www.tiktok.com/@aliaakamarr/video/7628767397029203207,,,,,,,,,,,,,,,,,,,,,,,,,,,,,,,,,,,,,,,,,
,,,,,,,,https://www.tiktok.com/@lilsamprivtiktok/video/7093981859662777646,,,,,,,,,,,,,,,,,,,,,,,,,,,,,,,,,,,,,,,,,
,,,,,,,,https://www.tiktok.com/@drdrayzday/video/7252474997745192238,,,,,,,,,,,,,,,,,,,,,,,,,,,,,,,,,,,,,,,,,
,,,,,,,,https://www.tiktok.com/@iamcurtiswilliams/video/7589803516214971661,,,,,,,,,,,,,,,,,,,,,,,,,,,,,,,,,,,,,,,,,
,,,,,,,,https://www.tiktok.com/@pimple.satisfy10/video/7295679727153630510,,,,,,,,,,,,,,,,,,,,,,,,,,,,,,,,,,,,,,,,,
,,,,,,,,https://www.tiktok.com/@peach_y1/video/7280546374511529262,,,,,,,,,,,,,,,,,,,,,,,,,,,,,,,,,,,,,,,,,
,,,,,,,,https://www.tiktok.com/@linda_lopez36/video/7614995359126899999,,,,,,,,,,,,,,,,,,,,,,,,,,,,,,,,,,,,,,,,,
,,,,,,,,https://www.tiktok.com/@drjencaudle/video/7628685279993285918,,,,,,,,,,,,,,,,,,,,,,,,,,,,,,,,,,,,,,,,,
,,,,,,,,https://www.tiktok.com/@laylahollywood/video/7628751007203265806,,,,,,,,,,,,,,,,,,,,,,,,,,,,,,,,,,,,,,,,,
,,,,,,,,https://www.tiktok.com/@ashley11313/video/7615191261754002701,,,,,,,,,,,,,,,,,,,,,,,,,,,,,,,,,,,,,,,,,
,,,,,,,,https://www.tiktok.com/@jentre_heyyyclub/video/7628745869784861965,,,,,,,,,,,,,,,,,,,,,,,,,,,,,,,,,,,,,,,,,
,,,,,,,,https://www.tiktok.com/@theussun/video/7628713143841115422,,,,,,,,,,,,,,,,,,,,,,,,,,,,,,,,,,,,,,,,,
,,,,,,,,https://www.tiktok.com/@mamfam4/video/7543002573100371230,,,,,,,,,,,,,,,,,,,,,,,,,,,,,,,,,,,,,,,,,
,,,,,,,,https://www.tiktok.com/@settkhaees/video/7620771227547864333,,,,,,,,,,,,,,,,,,,,,,,,,,,,,,,,,,,,,,,,,
,,,,,,,,https://www.tiktok.com/@clipssstowatch/video/7516959633576086839,,,,,,,,,,,,,,,,,,,,,,,,,,,,,,,,,,,,,,,,,
,,,,,,,,https://www.tiktok.com/@calijoespa_/video/7628818079853628693,,,,,,,,,,,,,,,,,,,,,,,,,,,,,,,,,,,,,,,,,
,,,,,,,,https://www.tiktok.com/@myvdos.styl/video/7596343179574627614,,,,,,,,,,,,,,,,,,,,,,,,,,,,,,,,,,,,,,,,,
,,,,,,,,https://www.tiktok.com/@pimplees_/video/7628676228542663956,,,,,,,,,,,,,,,,,,,,,,,,,,,,,,,,,,,,,,,,,
,,,,,,,,https://www.tiktok.com/@relaxing_pimple/video/7628787026543807765,,,,,,,,,,,,,,,,,,,,,,,,,,,,,,,,,,,,,,,,,
,,,,,,,,https://www.tiktok.com/@pimplerelaxtime/video/7628668398842547476,,,,,,,,,,,,,,,,,,,,,,,,,,,,,,,,,,,,,,,,,
,,,,,,,,https://www.tiktok.com/@sydneyblairbeauty.co/video/7474742643516509486,,,,,,,,,,,,,,,,,,,,,,,,,,,,,,,,,,,,,,,,,
,,,,,,,,https://www.tiktok.com/@basemkhaled123/video/7495872264148241682,,,,,,,,,,,,,,,,,,,,,,,,,,,,,,,,,,,,,,,,,
,,,,,,,,https://www.tiktok.com/@jhunecartfinds/video/7628650495434902797,,,,,,,,,,,,,,,,,,,,,,,,,,,,,,,,,,,,,,,,,
,,,,,,,,https://www.tiktok.com/@thefroggyfami/video/7551470632156941576,,,,,,,,,,,,,,,,,,,,,,,,,,,,,,,,,,,,,,,,,
,,,,,,,,https://www.tiktok.com/@dermguru/video/6875423952500460806,,,,,,,,,,,,,,,,,,,,,,,,,,,,,,,,,,,,,,,,,
,,,,,,,,https://www.tiktok.com/@selflove_aida/video/7618290910312271126,,,,,,,,,,,,,,,,,,,,,,,,,,,,,,,,,,,,,,,,,
,,,,,,,,https://www.tiktok.com/@tktk_store/video/7594421123106802974,,,,,,,,,,,,,,,,,,,,,,,,,,,,,,,,,,,,,,,,,
,,,,,,,,https://www.tiktok.com/@sasainseoul/video/7618220332205231381,,,,,,,,,,,,,,,,,,,,,,,,,,,,,,,,,,,,,,,,,
,,,,,,,,https://www.tiktok.com/@diaryoftroubledskin/video/7410156993781992746,,,,,,,,,,,,,,,,,,,,,,,,,,,,,,,,,,,,,,,,,
,,,,,,,,https://www.tiktok.com/@botanicabeautystudio_/video/7600512599582592286,,,,,,,,,,,,,,,,,,,,,,,,,,,,,,,,,,,,,,,,,
,,,,,,,,https://www.tiktok.com/@gabi.d_/video/7553490043659177229,,,,,,,,,,,,,,,,,,,,,,,,,,,,,,,,,,,,,,,,,
,,,,,,,,https://www.tiktok.com/@themillennialsahm_/video/6976409688401267973,,,,,,,,,,,,,,,,,,,,,,,,,,,,,,,,,,,,,,,,,
,,,,,,,,https://www.tiktok.com/@ericanic0le/video/7424235405765135647,,,,,,,,,,,,,,,,,,,,,,,,,,,,,,,,,,,,,,,,,
,,,,,,,,https://www.tiktok.com/@drwhitneybowe/video/7294354351416528170,,,,,,,,,,,,,,,,,,,,,,,,,,,,,,,,,,,,,,,,,
,,,,,,,,https://www.tiktok.com/@shereeneidriss/video/7614609245606038797,,,,,,,,,,,,,,,,,,,,,,,,,,,,,,,,,,,,,,,,,
,,,,,,,,https://www.tiktok.com/@dermdoctor/video/7040236258903248133,,,,,,,,,,,,,,,,,,,,,,,,,,,,,,,,,,,,,,,,,
,,,,,,,,https://www.tiktok.com/@dr.mamina/video/7390919788580654366,,,,,,,,,,,,,,,,,,,,,,,,,,,,,,,,,,,,,,,,,
,,,,,,,,https://www.tiktok.com/@dermarkologist/video/7324743714830667051,,,,,,,,,,,,,,,,,,,,,,,,,,,,,,,,,,,,,,,,,
,,,,,,,,https://www.tiktok.com/@drdustinportela/video/7236740071653903662,,,,,,,,,,,,,,,,,,,,,,,,,,,,,,,,,,,,,,,,,
,,,,,,,,https://www.tiktok.com/@penny01t/video/7506851026968923423,,,,,,,,,,,,,,,,,,,,,,,,,,,,,,,,,,,,,,,,,
,,,,,,,,https://www.tiktok.com/@abbeyyung/video/7609049696903957790,,,,,,,,,,,,,,,,,,,,,,,,,,,,,,,,,,,,,,,,,
,,,,,,,,https://www.tiktok.com/@itsbabykelz/video/7581205822701587767,,,,,,,,,,,,,,,,,,,,,,,,,,,,,,,,,,,,,,,,,
,,,,,,,,https://www.tiktok.com/@kaylahlorraine/video/7611370193998073118,,,,,,,,,,,,,,,,,,,,,,,,,,,,,,,,,,,,,,,,,
,,,,,,,,https://www.tiktok.com/@florie/video/7599375109178051862,,,,,,,,,,,,,,,,,,,,,,,,,,,,,,,,,,,,,,,,,
,,,,,,,,https://www.tiktok.com/@niicccoleeee/video/7458502218971368734,,,,,,,,,,,,,,,,,,,,,,,,,,,,,,,,,,,,,,,,,
,,,,,,,,https://www.tiktok.com/@alexisdimaya/video/7617179479588343070,,,,,,,,,,,,,,,,,,,,,,,,,,,,,,,,,,,,,,,,,
,,,,,,,,https://www.tiktok.com/@dr.mamina/video/7523003779344633118,,,,,,,,,,,,,,,,,,,,,,,,,,,,,,,,,,,,,,,,,
,,,,,,,,https://www.tiktok.com/@drgreeney/video/7406320656188525854,,,,,,,,,,,,,,,,,,,,,,,,,,,,,,,,,,,,,,,,,
,,,,,,,,https://www.tiktok.com/@beautivestudio/video/7627942031872134423,,,,,,,,,,,,,,,,,,,,,,,,,,,,,,,,,,,,,,,,,
,,,,,,,,https://www.tiktok.com/@decorativeconcretetv/video/7108873940574965038,,,,,,,,,,,,,,,,,,,,,,,,,,,,,,,,,,,,,,,,,
,,,,,,,,https://www.tiktok.com/@chuyrmz0/video/7115933761098894635,,,,,,,,,,,,,,,,,,,,,,,,,,,,,,,,,,,,,,,,,
,,,,,,,,https://www.tiktok.com/@cobo/video/7115541113783569710,,,,,,,,,,,,,,,,,,,,,,,,,,,,,,,,,,,,,,,,,
,,,,,,,,https://www.tiktok.com/@fitbylena/video/7117715357695003950,,,,,,,,,,,,,,,,,,,,,,,,,,,,,,,,,,,,,,,,,
,,,,,,,,https://www.tiktok.com/@suzyazor_hairexp/video/7112765662107372846,,,,,,,,,,,,,,,,,,,,,,,,,,,,,,,,,,,,,,,,,
,,,,,,,,https://www.tiktok.com/@chloethedabbler/video/7109842670939360555,,,,,,,,,,,,,,,,,,,,,,,,,,,,,,,,,,,,,,,,,
,,,,,,,,https://www.tiktok.com/@rollinwithkate/video/7111373266920443179,,,,,,,,,,,,,,,,,,,,,,,,,,,,,,,,,,,,,,,,,
,,,,,,,,https://www.tiktok.com/@thoa_bui/video/7109531667706121518,,,,,,,,,,,,,,,,,,,,,,,,,,,,,,,,,,,,,,,,,
,,,,,,,,https://www.tiktok.com/@colinweng/video/7109561116262485290,,,,,,,,,,,,,,,,,,,,,,,,,,,,,,,,,,,,,,,,,
,,,,,,,,https://www.tiktok.com/@pablobuilds/video/7118240154971671851,,,,,,,,,,,,,,,,,,,,,,,,,,,,,,,,,,,,,,,,,
,,,,,,,,https://www.tiktok.com/@philsmypharmacist/video/7533030476043357495,,,,,,,,,,,,,,,,,,,,,,,,,,,,,,,,,,,,,,,,,
,,,,,,,,https://www.tiktok.com/@philsmypharmacist/video/7625411405331696909,,,,,,,,,,,,,,,,,,,,,,,,,,,,,,,,,,,,,,,,,
,,,,,,,,https://www.tiktok.com/@daninicholls/video/7357814809766759713,,,,,,,,,,,,,,,,,,,,,,,,,,,,,,,,,,,,,,,,,
,,,,,,,,https://www.tiktok.com/@dhayanne.foster/video/7627507615748132098,,,,,,,,,,,,,,,,,,,,,,,,,,,,,,,,,,,,,,,,,
,,,,,,,,https://www.tiktok.com/@aamnaadel/video/7591960494164970774,,,,,,,,,,,,,,,,,,,,,,,,,,,,,,,,,,,,,,,,,
,,,,,,,,https://www.tiktok.com/@denverskindoc/video/7628312615495683359,,,,,,,,,,,,,,,,,,,,,,,,,,,,,,,,,,,,,,,,,
,,,,,,,,https://www.tiktok.com/@dr.mamina/video/7254986300409777450,,,,,,,,,,,,,,,,,,,,,,,,,,,,,,,,,,,,,,,,,
,,,,,,,,https://www.tiktok.com/@skinbydrazi/video/6948962819601730821,,,,,,,,,,,,,,,,,,,,,,,,,,,,,,,,,,,,,,,,,
,,,,,,,,https://www.tiktok.com/@dermarkologist/video/7628262376638270750,,,,,,,,,,,,,,,,,,,,,,,,,,,,,,,,,,,,,,,,,
,,,,,,,,https://www.tiktok.com/@letlovesparrkle/video/7629022534008114462,,,,,,,,,,,,,,,,,,,,,,,,,,,,,,,,,,,,,,,,,
,,,,,,,,https://www.tiktok.com/@okcskincareexpert/video/7628979291266551054,,,,,,,,,,,,,,,,,,,,,,,,,,,,,,,,,,,,,,,,,
,,,,,,,,https://www.tiktok.com/@pacifictouchskincare/video/7615728879570914591,,,,,,,,,,,,,,,,,,,,,,,,,,,,,,,,,,,,,,,,,
,,,,,,,,https://www.tiktok.com/@dermarkologist/video/7542592619067542814,,,,,,,,,,,,,,,,,,,,,,,,,,,,,,,,,,,,,,,,,
,,,,,,,,https://www.tiktok.com/@dermangelo/video/7246846807332998442,,,,,,,,,,,,,,,,,,,,,,,,,,,,,,,,,,,,,,,,,
,,,,,,,,https://www.tiktok.com/@dermdoctor/video/7001553434478398725,,,,,,,,,,,,,,,,,,,,,,,,,,,,,,,,,,,,,,,,,
,,,,,,,,https://www.tiktok.com/@dermangelo/video/7627855685404953887,,,,,,,,,,,,,,,,,,,,,,,,,,,,,,,,,,,,,,,,,
,,,,,,,,https://www.tiktok.com/@dermangelo/video/7193102875461995822,,,,,,,,,,,,,,,,,,,,,,,,,,,,,,,,,,,,,,,,,
,,,,,,,,https://www.tiktok.com/@dermangelo/video/7621396784820129055,,,,,,,,,,,,,,,,,,,,,,,,,,,,,,,,,,,,,,,,,
,,,,,,,,https://www.tiktok.com/@dermangelo/video/7625272534128184607,,,,,,,,,,,,,,,,,,,,,,,,,,,,,,,,,,,,,,,,,
,,,,,,,,https://www.tiktok.com/@dermangelo/video/7574932309619543326,,,,,,,,,,,,,,,,,,,,,,,,,,,,,,,,,,,,,,,,,
,,,,,,,,https://www.tiktok.com/@drdrayzday/video/7556020921081859341,,,,,,,,,,,,,,,,,,,,,,,,,,,,,,,,,,,,,,,,,
,,,,,,,,https://www.tiktok.com/@dermangelo/video/7596096513655213342,,,,,,,,,,,,,,,,,,,,,,,,,,,,,,,,,,,,,,,,,
,,,,,,,,https://www.tiktok.com/@drhellenkhasten/video/7624818699479813392,,,,,,,,,,,,,,,,,,,,,,,,,,,,,,,,,,,,,,,,,
,,,,,,,,https://www.tiktok.com/@doctoryoun/video/6920722252694555909,,,,,,,,,,,,,,,,,,,,,,,,,,,,,,,,,,,,,,,,,
,,,,,,,,https://www.tiktok.com/@drsomjiskin/video/7530308851933941014,,,,,,,,,,,,,,,,,,,,,,,,,,,,,,,,,,,,,,,,,
,,,,,,,,https://www.tiktok.com/@drbergofficial/video/7627240460972608798,,,,,,,,,,,,,,,,,,,,,,,,,,,,,,,,,,,,,,,,,
,,,,,,,,https://www.tiktok.com/@drsomjiskin/video/7499523825797713174,,,,,,,,,,,,,,,,,,,,,,,,,,,,,,,,,,,,,,,,,
,,,,,,,,https://www.tiktok.com/@drbergofficial/video/7456079270704581918,,,,,,,,,,,,,,,,,,,,,,,,,,,,,,,,,,,,,,,,,
,,,,,,,,https://www.tiktok.com/@dr.victor.dermato/video/7616615202661895432,,,,,,,,,,,,,,,,,,,,,,,,,,,,,,,,,,,,,,,,,
,,,,,,,,https://www.tiktok.com/@dr.victor.dermato/video/7614009972195609864,,,,,,,,,,,,,,,,,,,,,,,,,,,,,,,,,,,,,,,,,
,,,,,,,,https://www.tiktok.com/@dermguru/video/7316173435757989166,,,,,,,,,,,,,,,,,,,,,,,,,,,,,,,,,,,,,,,,,
,,,,,,,,https://www.tiktok.com/@dermguru/video/7304741450732850478,,,,,,,,,,,,,,,,,,,,,,,,,,,,,,,,,,,,,,,,,
,,,,,,,,https://www.tiktok.com/@dr.mamina/video/7248644038100897067,,,,,,,,,,,,,,,,,,,,,,,,,,,,,,,,,,,,,,,,,
,,,,,,,,https://www.tiktok.com/@denverskindoc/video/7312256260416703790,,,,,,,,,,,,,,,,,,,,,,,,,,,,,,,,,,,,,,,,,
,,,,,,,,https://www.tiktok.com/@rileysaurage/video/7623888708638362910,,,,,,,,,,,,,,,,,,,,,,,,,,,,,,,,,,,,,,,,,
,,,,,,,,https://www.tiktok.com/@maibodyyy/video/7623823735111437599,,,,,,,,,,,,,,,,,,,,,,,,,,,,,,,,,,,,,,,,,
,,,,,,,,https://www.tiktok.com/@moeashia/video/7628339853972884766,,,,,,,,,,,,,,,,,,,,,,,,,,,,,,,,,,,,,,,,,
,,,,,,,,https://www.tiktok.com/@h.u.e.health/video/7617152706448280854,,,,,,,,,,,,,,,,,,,,,,,,,,,,,,,,,,,,,,,,,
,,,,,,,,https://www.tiktok.com/@drdavidkim/video/7376987914174991659,,,,,,,,,,,,,,,,,,,,,,,,,,,,,,,,,,,,,,,,,
,,,,,,,,https://www.tiktok.com/@leah.kateb/video/7480690364756561182,,,,,,,,,,,,,,,,,,,,,,,,,,,,,,,,,,,,,,,,,
,,,,,,,,https://www.tiktok.com/@drdrayzday/video/7538208386614185230,,,,,,,,,,,,,,,,,,,,,,,,,,,,,,,,,,,,,,,,,
,,,,,,,,https://www.tiktok.com/@drdavidkim/video/7400907879085133099,,,,,,,,,,,,,,,,,,,,,,,,,,,,,,,,,,,,,,,,,
,,,,,,,,https://www.tiktok.com/@drgeria/video/7446220540727119150,,,,,,,,,,,,,,,,,,,,,,,,,,,,,,,,,,,,,,,,,
,,,,,,,,https://www.tiktok.com/@albinasglam/video/7587870377246756117,,,,,,,,,,,,,,,,,,,,,,,,,,,,,,,,,,,,,,,,,
,,,,,,,,https://www.tiktok.com/@rooted.reflections/video/7301377905853238574,,,,,,,,,,,,,,,,,,,,,,,,,,,,,,,,,,,,,,,,,
,,,,,,,,https://www.tiktok.com/@blklblesthetics/video/7271308773929667871,,,,,,,,,,,,,,,,,,,,,,,,,,,,,,,,,,,,,,,,,
,,,,,,,,https://www.tiktok.com/@skinwithceleste/video/7629042852818914591,,,,,,,,,,,,,,,,,,,,,,,,,,,,,,,,,,,,,,,,,
,,,,,,,,https://www.tiktok.com/@reneesdays/video/7366014942706732334,,,,,,,,,,,,,,,,,,,,,,,,,,,,,,,,,,,,,,,,,
,,,,,,,,https://www.tiktok.com/@skincarewithmorgan/video/7629023768043687182,,,,,,,,,,,,,,,,,,,,,,,,,,,,,,,,,,,,,,,,,
,,,,,,,,https://www.tiktok.com/@drdrayzday/video/7438398971069861151,,,,,,,,,,,,,,,,,,,,,,,,,,,,,,,,,,,,,,,,,
,,,,,,,,https://www.tiktok.com/@esotericesthetician/video/7604619994428738830,,,,,,,,,,,,,,,,,,,,,,,,,,,,,,,,,,,,,,,,,
,,,,,,,,https://www.tiktok.com/@drjennyliu/video/7578517998441467149,,,,,,,,,,,,,,,,,,,,,,,,,,,,,,,,,,,,,,,,,
,,,,,,,,https://www.tiktok.com/@jc.dombrowski/video/7623470746026724639,,,,,,,,,,,,,,,,,,,,,,,,,,,,,,,,,,,,,,,,,
,,,,,,,,https://www.tiktok.com/@shandrickafreeanna/video/7626849965033164046,,,,,,,,,,,,,,,,,,,,,,,,,,,,,,,,,,,,,,,,,
,,,,,,,,https://www.tiktok.com/@dermarkologist/video/7403098400725454123,,,,,,,,,,,,,,,,,,,,,,,,,,,,,,,,,,,,,,,,,
,,,,,,,,https://www.tiktok.com/@dr_ingky/video/7155847702977334554,,,,,,,,,,,,,,,,,,,,,,,,,,,,,,,,,,,,,,,,,
,,,,,,,,https://www.tiktok.com/@melrobbins/video/7621620611881717023,,,,,,,,,,,,,,,,,,,,,,,,,,,,,,,,,,,,,,,,,
,,,,,,,,https://www.tiktok.com/@skin.ken/video/7609341792231689492,,,,,,,,,,,,,,,,,,,,,,,,,,,,,,,,,,,,,,,,,
,,,,,,,,https://www.tiktok.com/@furyskinfacts/video/7625804747122937102,,,,,,,,,,,,,,,,,,,,,,,,,,,,,,,,,,,,,,,,,
,,,,,,,,https://www.tiktok.com/@natalie_oneillll/video/7267183651824143649,,,,,,,,,,,,,,,,,,,,,,,,,,,,,,,,,,,,,,,,,
,,,,,,,,https://www.tiktok.com/@kamimeii/video/7573773072163933452,,,,,,,,,,,,,,,,,,,,,,,,,,,,,,,,,,,,,,,,,
,,,,,,,,https://www.tiktok.com/@olivia_skincare_us/video/7627600486404721951,,,,,,,,,,,,,,,,,,,,,,,,,,,,,,,,,,,,,,,,,
,,,,,,,,https://www.tiktok.com/@misspeytonsmith/video/7581799647430118664,,,,,,,,,,,,,,,,,,,,,,,,,,,,,,,,,,,,,,,,,
,,,,,,,,https://www.tiktok.com/@skinwithelise/video/7627530877479685399,,,,,,,,,,,,,,,,,,,,,,,,,,,,,,,,,,,,,,,,,
,,,,,,,,https://www.tiktok.com/@natalie_oneillll/video/7524031399393758486,,,,,,,,,,,,,,,,,,,,,,,,,,,,,,,,,,,,,,,,,
,,,,,,,,https://www.tiktok.com/@drdrayzday/video/7364903321527700779,,,,,,,,,,,,,,,,,,,,,,,,,,,,,,,,,,,,,,,,,
,,,,,,,,https://www.tiktok.com/@mattrandon/video/6898789074211982594,,,,,,,,,,,,,,,,,,,,,,,,,,,,,,,,,,,,,,,,,
,,,,,,,,https://www.tiktok.com/@dralexisstephens/video/7235831241709473070,,,,,,,,,,,,,,,,,,,,,,,,,,,,,,,,,,,,,,,,,
,,,,,,,,https://www.tiktok.com/@skinbykristin/video/7286472322226212126,,,,,,,,,,,,,,,,,,,,,,,,,,,,,,,,,,,,,,,,,
,,,,,,,,https://www.tiktok.com/@shereeneidriss/video/7250597235594054958,,,,,,,,,,,,,,,,,,,,,,,,,,,,,,,,,,,,,,,,,
,,,,,,,,https://www.tiktok.com/@khenissizaineb/video/7377006715897777414,,,,,,,,,,,,,,,,,,,,,,,,,,,,,,,,,,,,,,,,,
,,,,,,,,https://www.tiktok.com/@teacher_jovie/video/7554821518816070932,,,,,,,,,,,,,,,,,,,,,,,,,,,,,,,,,,,,,,,,,
,,,,,,,,https://www.tiktok.com/@itsedonna/video/7463072801289800967,,,,,,,,,,,,,,,,,,,,,,,,,,,,,,,,,,,,,,,,,
,,,,,,,,https://www.tiktok.com/@bambidoesbeauty/video/7221624715339713798,,,,,,,,,,,,,,,,,,,,,,,,,,,,,,,,,,,,,,,,,
,,,,,,,,https://www.tiktok.com/@bambidoesbeauty/video/7456884452484992288,,,,,,,,,,,,,,,,,,,,,,,,,,,,,,,,,,,,,,,,,
,,,,,,,,https://www.tiktok.com/@furyskinfacts/video/7622955205683858701,,,,,,,,,,,,,,,,,,,,,,,,,,,,,,,,,,,,,,,,,
,,,,,,,,https://www.tiktok.com/@adrianabernardii/video/7628427612527856926,,,,,,,,,,,,,,,,,,,,,,,,,,,,,,,,,,,,,,,,,
,,,,,,,,https://www.tiktok.com/@neiko_livreri/video/7619790113844890910,,,,,,,,,,,,,,,,,,,,,,,,,,,,,,,,,,,,,,,,,
,,,,,,,,https://www.tiktok.com/@raychillzz/video/7591679976529726751,,,,,,,,,,,,,,,,,,,,,,,,,,,,,,,,,,,,,,,,,
,,,,,,,,https://www.tiktok.com/@dermacuts/video/7628702440233127169,,,,,,,,,,,,,,,,,,,,,,,,,,,,,,,,,,,,,,,,,
,,,,,,,,https://www.tiktok.com/@nutricarehub_official1/video/7622312283766590741,,,,,,,,,,,,,,,,,,,,,,,,,,,,,,,,,,,,,,,,,
,,,,,,,,https://www.tiktok.com/@user210518057249868/video/7605878042858147102,,,,,,,,,,,,,,,,,,,,,,,,,,,,,,,,,,,,,,,,,
,,,,,,,,https://www.tiktok.com/@hyperiddaren/video/7574137650588814614,,,,,,,,,,,,,,,,,,,,,,,,,,,,,,,,,,,,,,,,,
,,,,,,,,https://www.tiktok.com/@xxpushinpretty/video/7390489745974922539,,,,,,,,,,,,,,,,,,,,,,,,,,,,,,,,,,,,,,,,,
,,,,,,,,https://www.tiktok.com/@sauftdawg/video/7560190214824578359,,,,,,,,,,,,,,,,,,,,,,,,,,,,,,,,,,,,,,,,,
,,,,,,,,https://www.tiktok.com/@acnefromatoz/video/7381847867293551915,,,,,,,,,,,,,,,,,,,,,,,,,,,,,,,,,,,,,,,,,
,,,,,,,,https://www.tiktok.com/@seoulbeautyclub/video/7600211621960518943,,,,,,,,,,,,,,,,,,,,,,,,,,,,,,,,,,,,,,,,,
,,,,,,,,https://www.tiktok.com/@sarahsaleen/video/7490252036924001582,,,,,,,,,,,,,,,,,,,,,,,,,,,,,,,,,,,,,,,,,
,,,,,,,,https://www.tiktok.com/@misspeytonsmith/video/7623355452499299605,,,,,,,,,,,,,,,,,,,,,,,,,,,,,,,,,,,,,,,,,
,,,,,,,,https://www.tiktok.com/@youbyelina/video/7611228877247040790,,,,,,,,,,,,,,,,,,,,,,,,,,,,,,,,,,,,,,,,,
,,,,,,,,https://www.tiktok.com/@kristingl/video/7379052468166085931,,,,,,,,,,,,,,,,,,,,,,,,,,,,,,,,,,,,,,,,,
,,,,,,,,https://www.tiktok.com/@anitassecrets/video/7613440704425037086,,,,,,,,,,,,,,,,,,,,,,,,,,,,,,,,,,,,,,,,,
,,,,,,,,https://www.tiktok.com/@caspertheghostyy/video/7477540715128540424,,,,,,,,,,,,,,,,,,,,,,,,,,,,,,,,,,,,,,,,,
,,,,,,,,https://www.tiktok.com/@paulinejchoii/video/7418078976628886814,,,,,,,,,,,,,,,,,,,,,,,,,,,,,,,,,,,,,,,,,
,,,,,,,,https://www.tiktok.com/@mikkzazon/video/6909211244272553221,,,,,,,,,,,,,,,,,,,,,,,,,,,,,,,,,,,,,,,,,
,,,,,,,,https://www.tiktok.com/@rrxbiii/video/7580870226586193165,,,,,,,,,,,,,,,,,,,,,,,,,,,,,,,,,,,,,,,,,
,,,,,,,,https://www.tiktok.com/@yejee.lee/video/7626515911704399135,,,,,,,,,,,,,,,,,,,,,,,,,,,,,,,,,,,,,,,,,
,,,,,,,,https://www.tiktok.com/@lifewithmils/video/7339631314187947272,,,,,,,,,,,,,,,,,,,,,,,,,,,,,,,,,,,,,,,,,
,,,,,,,,https://www.tiktok.com/@clairealmondd/video/7615082060578917645,,,,,,,,,,,,,,,,,,,,,,,,,,,,,,,,,,,,,,,,,
,,,,,,,,https://www.tiktok.com/@songofskin/video/7315783425586138399,,,,,,,,,,,,,,,,,,,,,,,,,,,,,,,,,,,,,,,,,
,,,,,,,,https://www.tiktok.com/@mattrandon/video/7574503374327008534,,,,,,,,,,,,,,,,,,,,,,,,,,,,,,,,,,,,,,,,,
,,,,,,,,https://www.tiktok.com/@hellorescripted/video/7266810366305275182,,,,,,,,,,,,,,,,,,,,,,,,,,,,,,,,,,,,,,,,,
,,,,,,,,https://www.tiktok.com/@theerealtiesha/video/7628288360301317390,,,,,,,,,,,,,,,,,,,,,,,,,,,,,,,,,,,,,,,,,
,,,,,,,,https://www.tiktok.com/@dr.mina.md/video/7330661441789381931,,,,,,,,,,,,,,,,,,,,,,,,,,,,,,,,,,,,,,,,,
,,,,,,,,https://www.tiktok.com/@drkatiebeleznay/video/7589093433239670036,,,,,,,,,,,,,,,,,,,,,,,,,,,,,,,,,,,,,,,,,
,,,,,,,,https://www.tiktok.com/@dermguru/video/7545886516749323551,,,,,,,,,,,,,,,,,,,,,,,,,,,,,,,,,,,,,,,,,
,,,,,,,,https://www.tiktok.com/@dr.tomassian/video/7382347439635713310,,,,,,,,,,,,,,,,,,,,,,,,,,,,,,,,,,,,,,,,,